Ticket ID,latent_problem_id,had_context,true_category
MU-103971,ACC-PWD-RESET,Yes,Account & Access Management
MU-104259,NET-WIFI-NOCONN,No,Network & Connectivity
MU-101454,EML-MEETING,No,Email & Collaboration
MU-104517,NET-WIFI-NOCONN,Yes,Network & Connectivity
MU-101250,APP-ERP,Yes,Application Support
MU-102427,EML-MAILBOX-FULL,No,Email & Collaboration
MU-103501,ACC-PWD-RESET,Yes,Account & Access Management
MU-104611,SIS-REG,Yes,Student Information System
MU-100271,ACC-NEW,Yes,Account & Access Management
MU-101930,LMS-LOGIN,No,Learning Management System
MU-104756,HW-PRINTER,Yes,Hardware & Equipment
MU-101816,APP-PRINT-SW,Yes,Application Support
MU-103352,ACC-PWD-RESET,Yes,Account & Access Management
MU-101270,NET-SLOW,Yes,Network & Connectivity
MU-102349,APP-ERP,No,Application Support
MU-103597,ACC-PWD-RESET,No,Account & Access Management
MU-101516,ACC-LOCKED,Yes,Account & Access Management
MU-101621,LMS-UPLOAD,Yes,Learning Management System
MU-103157,APP-ERP,No,Application Support
MU-104014,ACC-PWD-RESET,No,Account & Access Management
MU-104584,SIS-REG,Yes,Student Information System
MU-103411,APP-ERP,Yes,Application Support
MU-104019,APP-LICENCE,No,Application Support
MU-103274,ACC-NEW,Yes,Account & Access Management
MU-101824,ACC-PWD-RESET,No,Account & Access Management
MU-102604,NET-WIFI-NOCONN,Yes,Network & Connectivity
MU-101447,APP-LICENCE,No,Application Support
MU-100501,APP-ERP,Yes,Application Support
MU-103537,HW-PC-NOBOOT,Yes,Hardware & Equipment
MU-102017,NET-WIFI-NOCONN,Yes,Network & Connectivity
MU-102028,HW-PROJECTOR,No,Hardware & Equipment
MU-103337,HW-PC-SLOW,Yes,Hardware & Equipment
MU-100214,LMS-LOGIN,Yes,Learning Management System
MU-104695,NET-SLOW,Yes,Network & Connectivity
MU-101663,ACC-NEW,No,Account & Access Management
MU-100612,ACC-NEW,Yes,Account & Access Management
MU-104856,NET-WIFI-NOCONN,Yes,Network & Connectivity
MU-103100,ACC-PWD-RESET,Yes,Account & Access Management
MU-101010,HW-PERIPHERAL,Yes,Hardware & Equipment
MU-101183,ACC-LOCKED,Yes,Account & Access Management
MU-104887,NET-LAN-PORT,Yes,Network & Connectivity
MU-102556,ACC-PWD-RESET,No,Account & Access Management
MU-104469,APP-ERP,Yes,Application Support
MU-100903,NET-VPN,No,Network & Connectivity
MU-100971,SIS-FEE,Yes,Student Information System
MU-101531,HW-PERIPHERAL,No,Hardware & Equipment
MU-101854,NET-WIFI-NOCONN,Yes,Network & Connectivity
MU-103266,ACC-PWD-RESET,Yes,Account & Access Management
MU-100006,LMS-COURSE-MISSING,Yes,Learning Management System
MU-103841,APP-LICENCE,Yes,Application Support
MU-104796,HW-PRINTER,No,Hardware & Equipment
MU-101776,SIS-REG,Yes,Student Information System
MU-102027,ACC-LOCKED,No,Account & Access Management
MU-103046,ACC-LOCKED,Yes,Account & Access Management
MU-103734,ACC-PWD-RESET,Yes,Account & Access Management
MU-101539,SIS-REG,Yes,Student Information System
MU-103115,ACC-LOCKED,No,Account & Access Management
MU-101963,ACC-PWD-RESET,No,Account & Access Management
MU-104674,SIS-REG,Yes,Student Information System
MU-102463,LMS-COURSE-MISSING,Yes,Learning Management System
MU-103747,NET-SLOW,Yes,Network & Connectivity
MU-100312,ACC-PWD-RESET,Yes,Account & Access Management
MU-104685,ACC-LOCKED,Yes,Account & Access Management
MU-100562,NET-LAN-PORT,Yes,Network & Connectivity
MU-104538,ACC-PWD-RESET,No,Account & Access Management
MU-100404,ACC-PWD-RESET,Yes,Account & Access Management
MU-103985,SIS-TRANSCRIPT,Yes,Student Information System
MU-102373,LMS-UPLOAD,Yes,Learning Management System
MU-102403,ACC-PWD-RESET,No,Account & Access Management
MU-103519,NET-WIFI-NOCONN,No,Network & Connectivity
MU-100175,ACC-PWD-RESET,No,Account & Access Management
MU-101939,HW-PC-SLOW,Yes,Hardware & Equipment
MU-101938,ACC-PERMS,No,Account & Access Management
MU-103733,NET-WIFI-NOCONN,Yes,Network & Connectivity
MU-102547,NET-WIFI-NOCONN,No,Network & Connectivity
MU-104698,LMS-UPLOAD,Yes,Learning Management System
MU-102889,SIS-TRANSCRIPT,Yes,Student Information System
MU-103504,NET-WIFI-NOCONN,Yes,Network & Connectivity
MU-100911,EML-MAILBOX-FULL,Yes,Email & Collaboration
MU-101273,NET-WIFI-NOCONN,No,Network & Connectivity
MU-104444,LMS-COURSE-MISSING,Yes,Learning Management System
MU-103895,HW-PC-SLOW,No,Hardware & Equipment
MU-103954,SIS-PORTAL-SLOW,No,Student Information System
MU-100189,SIS-FEE,Yes,Student Information System
MU-101500,SIS-REG,No,Student Information System
MU-100008,SIS-REG,No,Student Information System
MU-100267,NET-WIFI-NOCONN,Yes,Network & Connectivity
MU-102867,SIS-PORTAL-SLOW,Yes,Student Information System
MU-103296,HW-PRINTER,Yes,Hardware & Equipment
MU-104675,NET-SLOW,Yes,Network & Connectivity
MU-101029,LMS-LOGIN,Yes,Learning Management System
MU-102353,EML-MAILBOX-FULL,Yes,Email & Collaboration
MU-102361,NET-WIFI-NOCONN,Yes,Network & Connectivity
MU-104866,NET-SLOW,No,Network & Connectivity
MU-102511,SIS-TRANSCRIPT,Yes,Student Information System
MU-100492,ACC-PWD-RESET,Yes,Account & Access Management
MU-104220,EML-MEETING,No,Email & Collaboration
MU-102406,LMS-COURSE-MISSING,Yes,Learning Management System
MU-100550,HW-PC-SLOW,Yes,Hardware & Equipment
MU-101953,NET-WIFI-NOCONN,Yes,Network & Connectivity
MU-101312,HW-PRINTER,No,Hardware & Equipment
MU-100702,SIS-REG,Yes,Student Information System
MU-101485,EML-SEND-FAIL,No,Email & Collaboration
MU-101933,NET-LAN-PORT,Yes,Network & Connectivity
MU-102249,ACC-LOCKED,No,Account & Access Management
MU-103774,APP-INSTALL,No,Application Support
MU-101203,HW-PC-SLOW,Yes,Hardware & Equipment
MU-103672,SIS-REG,Yes,Student Information System
MU-104277,HW-PC-NOBOOT,No,Hardware & Equipment
MU-102819,NET-SLOW,No,Network & Connectivity
MU-102742,EML-MEETING,Yes,Email & Collaboration
MU-100843,APP-LICENCE,Yes,Application Support
MU-103316,NET-WIFI-NOCONN,Yes,Network & Connectivity
MU-101409,NET-WIFI-NOCONN,No,Network & Connectivity
MU-104250,ACC-PWD-RESET,Yes,Account & Access Management
MU-103354,NET-SLOW,Yes,Network & Connectivity
MU-103631,HW-PERIPHERAL,Yes,Hardware & Equipment
MU-103765,NET-WIFI-NOCONN,No,Network & Connectivity
MU-102831,NET-LAN-PORT,No,Network & Connectivity
MU-100782,ACC-LOCKED,No,Account & Access Management
MU-100557,NET-SLOW,Yes,Network & Connectivity
MU-104543,HW-PRINTER,No,Hardware & Equipment
MU-104048,LMS-QUIZ,No,Learning Management System
MU-100503,SIS-REG,Yes,Student Information System
MU-104507,ACC-NEW,No,Account & Access Management
MU-100547,ACC-PWD-RESET,Yes,Account & Access Management
MU-103095,APP-INSTALL,Yes,Application Support
MU-104588,SIS-REG,Yes,Student Information System
MU-101535,LMS-COURSE-MISSING,Yes,Learning Management System
MU-100873,NET-SLOW,Yes,Network & Connectivity
MU-101693,HW-PRINTER,Yes,Hardware & Equipment
MU-104178,HW-PRINTER,Yes,Hardware & Equipment
MU-101563,APP-INSTALL,Yes,Application Support
MU-101949,LMS-COURSE-MISSING,No,Learning Management System
MU-103230,ACC-PWD-RESET,No,Account & Access Management
MU-102063,LMS-LOGIN,Yes,Learning Management System
MU-100223,HW-PERIPHERAL,Yes,Hardware & Equipment
MU-100866,NET-SLOW,Yes,Network & Connectivity
MU-103129,HW-PERIPHERAL,No,Hardware & Equipment
MU-104039,ACC-PWD-RESET,No,Account & Access Management
MU-100316,EML-SEND-FAIL,Yes,Email & Collaboration
MU-101131,HW-PC-NOBOOT,Yes,Hardware & Equipment
MU-102558,APP-LICENCE,Yes,Application Support
MU-103278,NET-SLOW,No,Network & Connectivity
MU-104480,HW-PC-SLOW,No,Hardware & Equipment
MU-100518,SIS-FEE,Yes,Student Information System
MU-101784,HW-PC-NOBOOT,Yes,Hardware & Equipment
MU-102212,EML-SEND-FAIL,Yes,Email & Collaboration
MU-101208,NET-LAN-PORT,Yes,Network & Connectivity
MU-103061,NET-SLOW,Yes,Network & Connectivity
MU-101867,ACC-PWD-RESET,Yes,Account & Access Management
MU-101320,ACC-PWD-RESET,No,Account & Access Management
MU-102685,HW-PC-SLOW,No,Hardware & Equipment
MU-100174,ACC-NEW,No,Account & Access Management
MU-102985,NET-SLOW,Yes,Network & Connectivity
MU-100861,SIS-PORTAL-SLOW,Yes,Student Information System
MU-102811,SIS-FEE,Yes,Student Information System
MU-103740,ACC-PWD-RESET,No,Account & Access Management
MU-102948,NET-SLOW,Yes,Network & Connectivity
MU-100600,LMS-LOGIN,Yes,Learning Management System
MU-100502,ACC-PWD-RESET,No,Account & Access Management
MU-103668,LMS-LOGIN,Yes,Learning Management System
MU-104018,APP-INSTALL,Yes,Application Support
MU-104362,LMS-LOGIN,No,Learning Management System
MU-103443,HW-PC-SLOW,Yes,Hardware & Equipment
MU-101062,HW-PRINTER,Yes,Hardware & Equipment
MU-104328,NET-LAN-PORT,Yes,Network & Connectivity
MU-103523,SIS-PORTAL-SLOW,Yes,Student Information System
MU-103591,LMS-QUIZ,No,Learning Management System
MU-101777,HW-PROJECTOR,Yes,Hardware & Equipment
MU-102157,EML-SEND-FAIL,Yes,Email & Collaboration
MU-103005,APP-ERP,Yes,Application Support
MU-102528,NET-WIFI-NOCONN,Yes,Network & Connectivity
MU-101747,ACC-NEW,No,Account & Access Management
MU-100018,NET-WIFI-NOCONN,Yes,Network & Connectivity
MU-103369,NET-WIFI-NOCONN,Yes,Network & Connectivity
MU-103923,LMS-COURSE-MISSING,Yes,Learning Management System
MU-104422,SIS-PORTAL-SLOW,No,Student Information System
MU-104161,LMS-QUIZ,Yes,Learning Management System
MU-102303,HW-PC-NOBOOT,Yes,Hardware & Equipment
MU-100056,ACC-PERMS,Yes,Account & Access Management
MU-101749,NET-SLOW,Yes,Network & Connectivity
MU-100929,NET-LAN-PORT,No,Network & Connectivity
MU-101165,LMS-COURSE-MISSING,Yes,Learning Management System
MU-100684,HW-PRINTER,Yes,Hardware & Equipment
MU-100463,HW-PRINTER,Yes,Hardware & Equipment
MU-103389,ACC-PWD-RESET,Yes,Account & Access Management
MU-104785,HW-PC-SLOW,Yes,Hardware & Equipment
MU-101246,LMS-LOGIN,No,Learning Management System
MU-101553,NET-WIFI-NOCONN,No,Network & Connectivity
MU-103195,HW-PRINTER,No,Hardware & Equipment
MU-101677,ACC-LOCKED,No,Account & Access Management
MU-103143,HW-PROJECTOR,Yes,Hardware & Equipment
MU-103455,NET-LAN-PORT,Yes,Network & Connectivity
MU-102029,LMS-UPLOAD,Yes,Learning Management System
MU-101230,ACC-PWD-RESET,No,Account & Access Management
MU-102636,ACC-PWD-RESET,Yes,Account & Access Management
MU-102183,SIS-FEE,Yes,Student Information System
MU-103744,ACC-LOCKED,Yes,Account & Access Management
MU-104187,HW-PC-NOBOOT,Yes,Hardware & Equipment
MU-100124,LMS-LOGIN,Yes,Learning Management System
MU-102877,SIS-REG,Yes,Student Information System
MU-101347,SIS-FEE,Yes,Student Information System
MU-100285,NET-SLOW,Yes,Network & Connectivity
MU-103806,HW-PC-NOBOOT,No,Hardware & Equipment
MU-102422,EML-MAILBOX-FULL,Yes,Email & Collaboration
MU-104884,ACC-PERMS,No,Account & Access Management
MU-102169,NET-LAN-PORT,Yes,Network & Connectivity
MU-104075,HW-PC-SLOW,Yes,Hardware & Equipment
MU-102799,SIS-REG,No,Student Information System
MU-100014,NET-SLOW,Yes,Network & Connectivity
MU-104244,HW-PC-SLOW,No,Hardware & Equipment
MU-102363,NET-VPN,No,Network & Connectivity
MU-104895,APP-LICENCE,Yes,Application Support
MU-100111,NET-LAN-PORT,No,Network & Connectivity
MU-104114,HW-PERIPHERAL,Yes,Hardware & Equipment
MU-101737,HW-PC-NOBOOT,Yes,Hardware & Equipment
MU-100246,NET-WIFI-NOCONN,No,Network & Connectivity
MU-101299,NET-SLOW,No,Network & Connectivity
MU-104631,HW-PRINTER,No,Hardware & Equipment
MU-102896,ACC-PWD-RESET,No,Account & Access Management
MU-103370,SIS-REG,Yes,Student Information System
MU-100811,ACC-NEW,No,Account & Access Management
MU-104778,NET-SLOW,No,Network & Connectivity
MU-104456,ACC-PWD-RESET,No,Account & Access Management
MU-100306,NET-SLOW,No,Network & Connectivity
MU-101722,HW-PC-SLOW,No,Hardware & Equipment
MU-103815,SIS-REG,No,Student Information System
MU-103676,ACC-PWD-RESET,Yes,Account & Access Management
MU-101947,EML-MEETING,Yes,Email & Collaboration
MU-100640,EML-SEND-FAIL,No,Email & Collaboration
MU-100849,EML-SEND-FAIL,No,Email & Collaboration
MU-102930,APP-ERP,Yes,Application Support
MU-104740,LMS-QUIZ,No,Learning Management System
MU-104868,NET-SLOW,Yes,Network & Connectivity
MU-101761,NET-SLOW,Yes,Network & Connectivity
MU-103527,SIS-REG,No,Student Information System
MU-102498,HW-PRINTER,Yes,Hardware & Equipment
MU-104492,SIS-REG,Yes,Student Information System
MU-100939,ACC-PWD-RESET,No,Account & Access Management
MU-102085,APP-INSTALL,No,Application Support
MU-103620,LMS-UPLOAD,Yes,Learning Management System
MU-104751,ACC-PWD-RESET,Yes,Account & Access Management
MU-101117,APP-INSTALL,No,Application Support
MU-100094,ACC-PWD-RESET,Yes,Account & Access Management
MU-103768,SIS-FEE,No,Student Information System
MU-104653,SIS-REG,Yes,Student Information System
MU-103104,LMS-QUIZ,Yes,Learning Management System
MU-103328,SIS-REG,Yes,Student Information System
MU-102479,SIS-PORTAL-SLOW,Yes,Student Information System
MU-100374,NET-WIFI-NOCONN,No,Network & Connectivity
MU-103823,HW-PC-NOBOOT,No,Hardware & Equipment
MU-102931,LMS-COURSE-MISSING,No,Learning Management System
MU-102983,ACC-PWD-RESET,Yes,Account & Access Management
MU-104728,HW-PRINTER,Yes,Hardware & Equipment
MU-104875,HW-PC-NOBOOT,No,Hardware & Equipment
MU-101754,SIS-TRANSCRIPT,Yes,Student Information System
MU-101883,ACC-PWD-RESET,Yes,Account & Access Management
MU-102500,ACC-PWD-RESET,No,Account & Access Management
MU-104688,NET-WIFI-NOCONN,No,Network & Connectivity
MU-104316,ACC-PERMS,Yes,Account & Access Management
MU-100940,EML-MEETING,Yes,Email & Collaboration
MU-104008,NET-WIFI-NOCONN,Yes,Network & Connectivity
MU-101437,LMS-LOGIN,No,Learning Management System
MU-104051,LMS-COURSE-MISSING,Yes,Learning Management System
MU-104825,LMS-LOGIN,Yes,Learning Management System
MU-101053,HW-PROJECTOR,Yes,Hardware & Equipment
MU-102251,LMS-COURSE-MISSING,Yes,Learning Management System
MU-104090,SIS-FEE,No,Student Information System
MU-102199,NET-WIFI-NOCONN,Yes,Network & Connectivity
MU-103737,NET-WIFI-NOCONN,Yes,Network & Connectivity
MU-104564,HW-PRINTER,Yes,Hardware & Equipment
MU-100738,SIS-TRANSCRIPT,Yes,Student Information System
MU-101845,LMS-COURSE-MISSING,No,Learning Management System
MU-102639,EML-MAILBOX-FULL,Yes,Email & Collaboration
MU-102873,HW-PRINTER,No,Hardware & Equipment
MU-102575,NET-SLOW,Yes,Network & Connectivity
MU-101844,APP-ERP,Yes,Application Support
MU-102883,LMS-COURSE-MISSING,No,Learning Management System
MU-104029,ACC-PWD-RESET,Yes,Account & Access Management
MU-102050,APP-INSTALL,Yes,Application Support
MU-103771,NET-WIFI-NOCONN,No,Network & Connectivity
MU-101070,ACC-PWD-RESET,Yes,Account & Access Management
MU-103529,ACC-NEW,Yes,Account & Access Management
MU-104839,LMS-LOGIN,No,Learning Management System
MU-101316,APP-PRINT-SW,No,Application Support
MU-104586,SIS-PORTAL-SLOW,Yes,Student Information System
MU-104505,APP-LICENCE,Yes,Application Support
MU-104576,EML-SEND-FAIL,Yes,Email & Collaboration
MU-100229,EML-MAILBOX-FULL,Yes,Email & Collaboration
MU-101231,SIS-FEE,No,Student Information System
MU-104207,ACC-PERMS,Yes,Account & Access Management
MU-103828,NET-SLOW,No,Network & Connectivity
MU-100933,EML-SEND-FAIL,No,Email & Collaboration
MU-102623,EML-SEND-FAIL,No,Email & Collaboration
MU-101224,NET-WIFI-NOCONN,Yes,Network & Connectivity
MU-103693,APP-LICENCE,Yes,Application Support
MU-101945,ACC-PWD-RESET,No,Account & Access Management
MU-101774,LMS-QUIZ,Yes,Learning Management System
MU-103287,EML-MAILBOX-FULL,Yes,Email & Collaboration
MU-101002,EML-MAILBOX-FULL,No,Email & Collaboration
MU-100273,ACC-NEW,Yes,Account & Access Management
MU-103551,ACC-PWD-RESET,Yes,Account & Access Management
MU-104840,ACC-PWD-RESET,No,Account & Access Management
MU-103276,ACC-PWD-RESET,Yes,Account & Access Management
MU-100431,HW-PRINTER,No,Hardware & Equipment
MU-100461,NET-VPN,Yes,Network & Connectivity
MU-103408,HW-PERIPHERAL,Yes,Hardware & Equipment
MU-101987,ACC-PWD-RESET,Yes,Account & Access Management
MU-102923,NET-LAN-PORT,Yes,Network & Connectivity
MU-103080,LMS-LOGIN,Yes,Learning Management System
MU-103355,LMS-COURSE-MISSING,Yes,Learning Management System
MU-101302,NET-WIFI-NOCONN,Yes,Network & Connectivity
MU-101642,SIS-TRANSCRIPT,Yes,Student Information System
MU-103788,ACC-PWD-RESET,Yes,Account & Access Management
MU-100126,ACC-PWD-RESET,Yes,Account & Access Management
MU-104477,APP-INSTALL,No,Application Support
MU-104143,APP-INSTALL,Yes,Application Support
MU-100978,ACC-PWD-RESET,No,Account & Access Management
MU-102127,APP-INSTALL,No,Application Support
MU-104278,SIS-PORTAL-SLOW,No,Student Information System
MU-101444,NET-SLOW,No,Network & Connectivity
MU-104235,NET-SLOW,Yes,Network & Connectivity
MU-103083,NET-LAN-PORT,No,Network & Connectivity
MU-104831,SIS-PORTAL-SLOW,Yes,Student Information System
MU-104681,LMS-LOGIN,No,Learning Management System
MU-102712,SIS-PORTAL-SLOW,No,Student Information System
MU-104428,ACC-NEW,No,Account & Access Management
MU-103685,LMS-QUIZ,Yes,Learning Management System
MU-101353,ACC-PWD-RESET,No,Account & Access Management
MU-103353,ACC-PWD-RESET,Yes,Account & Access Management
MU-103175,HW-PC-NOBOOT,Yes,Hardware & Equipment
MU-104551,NET-WIFI-NOCONN,Yes,Network & Connectivity
MU-100912,SIS-TRANSCRIPT,No,Student Information System
MU-101791,SIS-FEE,Yes,Student Information System
MU-101828,SIS-REG,No,Student Information System
MU-100840,NET-WIFI-NOCONN,Yes,Network & Connectivity
MU-103395,LMS-LOGIN,Yes,Learning Management System
MU-101675,SIS-TRANSCRIPT,No,Student Information System
MU-101690,HW-PERIPHERAL,Yes,Hardware & Equipment
MU-102880,SIS-REG,Yes,Student Information System
MU-101794,ACC-PWD-RESET,Yes,Account & Access Management
MU-103164,ACC-LOCKED,No,Account & Access Management
MU-102646,HW-PRINTER,Yes,Hardware & Equipment
MU-101789,HW-PROJECTOR,Yes,Hardware & Equipment
MU-104392,ACC-PWD-RESET,No,Account & Access Management
MU-103509,HW-PRINTER,No,Hardware & Equipment
MU-104173,HW-PRINTER,Yes,Hardware & Equipment
MU-103026,HW-PC-NOBOOT,Yes,Hardware & Equipment
MU-102980,ACC-PWD-RESET,Yes,Account & Access Management
MU-101032,HW-PC-NOBOOT,Yes,Hardware & Equipment
MU-100831,NET-WIFI-NOCONN,No,Network & Connectivity
MU-100536,NET-LAN-PORT,Yes,Network & Connectivity
MU-103957,HW-PRINTER,No,Hardware & Equipment
MU-102733,SIS-FEE,Yes,Student Information System
MU-100206,NET-SLOW,Yes,Network & Connectivity
MU-101748,HW-PC-NOBOOT,Yes,Hardware & Equipment
MU-103637,NET-SLOW,Yes,Network & Connectivity
MU-104837,NET-WIFI-NOCONN,No,Network & Connectivity
MU-102493,APP-LICENCE,Yes,Application Support
MU-100906,LMS-COURSE-MISSING,Yes,Learning Management System
MU-102065,LMS-UPLOAD,Yes,Learning Management System
MU-103349,ACC-PWD-RESET,No,Account & Access Management
MU-103821,NET-WIFI-NOCONN,Yes,Network & Connectivity
MU-101281,NET-LAN-PORT,Yes,Network & Connectivity
MU-104667,LMS-LOGIN,Yes,Learning Management System
MU-103213,APP-INSTALL,Yes,Application Support
MU-103121,ACC-PWD-RESET,Yes,Account & Access Management
MU-100744,EML-SEND-FAIL,Yes,Email & Collaboration
MU-104045,NET-LAN-PORT,Yes,Network & Connectivity
MU-102025,ACC-PWD-RESET,No,Account & Access Management
MU-104650,ACC-LOCKED,Yes,Account & Access Management
MU-102662,APP-INSTALL,No,Application Support
MU-102407,NET-VPN,Yes,Network & Connectivity
MU-103817,SIS-FEE,Yes,Student Information System
MU-102951,LMS-QUIZ,No,Learning Management System
MU-103898,ACC-PWD-RESET,No,Account & Access Management
MU-102550,LMS-COURSE-MISSING,Yes,Learning Management System
MU-103471,LMS-COURSE-MISSING,Yes,Learning Management System
MU-100372,NET-WIFI-NOCONN,Yes,Network & Connectivity
MU-103878,ACC-LOCKED,No,Account & Access Management
MU-104037,ACC-PWD-RESET,No,Account & Access Management
MU-102092,ACC-PWD-RESET,Yes,Account & Access Management
MU-101843,LMS-COURSE-MISSING,Yes,Learning Management System
MU-104721,SIS-TRANSCRIPT,Yes,Student Information System
MU-103156,NET-SLOW,No,Network & Connectivity
MU-101606,ACC-PWD-RESET,No,Account & Access Management
MU-103711,NET-SLOW,Yes,Network & Connectivity
MU-102456,ACC-PERMS,Yes,Account & Access Management
MU-103380,APP-INSTALL,No,Application Support
MU-102494,ACC-PWD-RESET,Yes,Account & Access Management
MU-104522,HW-PC-NOBOOT,No,Hardware & Equipment
MU-101509,ACC-PWD-RESET,Yes,Account & Access Management
MU-101532,HW-PC-SLOW,Yes,Hardware & Equipment
MU-101257,SIS-REG,No,Student Information System
MU-102035,NET-WIFI-NOCONN,Yes,Network & Connectivity
MU-101148,ACC-PWD-RESET,Yes,Account & Access Management
MU-101874,NET-LAN-PORT,Yes,Network & Connectivity
MU-103934,SIS-FEE,No,Student Information System
MU-100176,NET-SLOW,Yes,Network & Connectivity
MU-102420,ACC-PWD-RESET,No,Account & Access Management
MU-101718,ACC-PWD-RESET,Yes,Account & Access Management
MU-102058,NET-WIFI-NOCONN,Yes,Network & Connectivity
MU-101720,EML-MEETING,Yes,Email & Collaboration
MU-103236,HW-PRINTER,Yes,Hardware & Equipment
MU-104345,LMS-LOGIN,Yes,Learning Management System
MU-101030,APP-INSTALL,Yes,Application Support
MU-101453,NET-VPN,No,Network & Connectivity
MU-100566,NET-WIFI-NOCONN,No,Network & Connectivity
MU-101574,LMS-UPLOAD,Yes,Learning Management System
MU-104809,HW-PROJECTOR,Yes,Hardware & Equipment
MU-104057,LMS-COURSE-MISSING,Yes,Learning Management System
MU-102290,HW-PERIPHERAL,No,Hardware & Equipment
MU-102633,SIS-FEE,No,Student Information System
MU-103055,APP-PRINT-SW,Yes,Application Support
MU-103544,EML-SEND-FAIL,Yes,Email & Collaboration
MU-104568,ACC-PWD-RESET,No,Account & Access Management
MU-101015,EML-SEND-FAIL,Yes,Email & Collaboration
MU-100890,LMS-COURSE-MISSING,Yes,Learning Management System
MU-104046,LMS-COURSE-MISSING,Yes,Learning Management System
MU-101589,HW-PC-NOBOOT,Yes,Hardware & Equipment
MU-101581,SIS-REG,Yes,Student Information System
MU-102990,LMS-COURSE-MISSING,Yes,Learning Management System
MU-103659,SIS-TRANSCRIPT,Yes,Student Information System
MU-104755,EML-SEND-FAIL,Yes,Email & Collaboration
MU-102552,LMS-COURSE-MISSING,Yes,Learning Management System
MU-103779,APP-INSTALL,Yes,Application Support
MU-102815,LMS-QUIZ,No,Learning Management System
MU-102484,LMS-COURSE-MISSING,Yes,Learning Management System
MU-101517,NET-WIFI-NOCONN,No,Network & Connectivity
MU-101352,LMS-LOGIN,Yes,Learning Management System
MU-103648,APP-INSTALL,No,Application Support
MU-101452,LMS-LOGIN,No,Learning Management System
MU-102200,ACC-PERMS,Yes,Account & Access Management
MU-102337,SIS-PORTAL-SLOW,Yes,Student Information System
MU-103535,NET-WIFI-NOCONN,Yes,Network & Connectivity
MU-102332,LMS-COURSE-MISSING,No,Learning Management System
MU-101870,EML-SEND-FAIL,Yes,Email & Collaboration
MU-103454,EML-MEETING,Yes,Email & Collaboration
MU-103137,HW-PROJECTOR,No,Hardware & Equipment
MU-100710,APP-INSTALL,Yes,Application Support
MU-104296,SIS-FEE,Yes,Student Information System
MU-102909,SIS-FEE,No,Student Information System
MU-103174,EML-SEND-FAIL,No,Email & Collaboration
MU-100682,APP-PRINT-SW,Yes,Application Support
MU-102624,LMS-QUIZ,No,Learning Management System
MU-101324,EML-MEETING,Yes,Email & Collaboration
MU-103534,EML-MEETING,Yes,Email & Collaboration
MU-102256,EML-MAILBOX-FULL,Yes,Email & Collaboration
MU-101212,NET-LAN-PORT,Yes,Network & Connectivity
MU-104703,HW-PRINTER,Yes,Hardware & Equipment
MU-101542,HW-PC-SLOW,Yes,Hardware & Equipment
MU-104223,HW-PROJECTOR,No,Hardware & Equipment
MU-101153,NET-SLOW,Yes,Network & Connectivity
MU-100665,EML-MAILBOX-FULL,Yes,Email & Collaboration
MU-101253,HW-PC-NOBOOT,Yes,Hardware & Equipment
MU-101288,ACC-LOCKED,Yes,Account & Access Management
MU-102740,SIS-REG,Yes,Student Information System
MU-101450,APP-ERP,Yes,Application Support
MU-104880,ACC-PERMS,No,Account & Access Management
MU-100428,LMS-LOGIN,No,Learning Management System
MU-103557,LMS-LOGIN,Yes,Learning Management System
MU-104354,LMS-COURSE-MISSING,Yes,Learning Management System
MU-101145,HW-PC-SLOW,Yes,Hardware & Equipment
MU-100650,LMS-LOGIN,Yes,Learning Management System
MU-104273,LMS-LOGIN,No,Learning Management System
MU-103807,SIS-PORTAL-SLOW,Yes,Student Information System
MU-101278,LMS-COURSE-MISSING,Yes,Learning Management System
MU-104781,ACC-NEW,No,Account & Access Management
MU-102701,ACC-PWD-RESET,No,Account & Access Management
MU-104007,NET-WIFI-NOCONN,Yes,Network & Connectivity
MU-100658,NET-WIFI-NOCONN,Yes,Network & Connectivity
MU-104645,LMS-LOGIN,Yes,Learning Management System
MU-101469,EML-SEND-FAIL,Yes,Email & Collaboration
MU-104261,APP-LICENCE,No,Application Support
MU-103761,SIS-TRANSCRIPT,Yes,Student Information System
MU-104659,SIS-PORTAL-SLOW,No,Student Information System
MU-103207,ACC-LOCKED,Yes,Account & Access Management
MU-102225,LMS-LOGIN,No,Learning Management System
MU-102181,APP-INSTALL,No,Application Support
MU-102788,EML-SEND-FAIL,Yes,Email & Collaboration
MU-100140,EML-SEND-FAIL,No,Email & Collaboration
MU-102411,NET-WIFI-NOCONN,Yes,Network & Connectivity
MU-103707,HW-PC-NOBOOT,Yes,Hardware & Equipment
MU-100672,LMS-LOGIN,Yes,Learning Management System
MU-100356,LMS-LOGIN,Yes,Learning Management System
MU-102974,NET-LAN-PORT,No,Network & Connectivity
MU-101049,ACC-NEW,Yes,Account & Access Management
MU-104719,SIS-PORTAL-SLOW,Yes,Student Information System
MU-102922,HW-PC-SLOW,Yes,Hardware & Equipment
MU-100194,SIS-FEE,Yes,Student Information System
MU-103407,HW-PC-NOBOOT,Yes,Hardware & Equipment
MU-102146,APP-PRINT-SW,Yes,Application Support
MU-100559,SIS-REG,Yes,Student Information System
MU-100584,ACC-PWD-RESET,Yes,Account & Access Management
MU-100943,NET-LAN-PORT,Yes,Network & Connectivity
MU-103041,SIS-PORTAL-SLOW,No,Student Information System
MU-102501,ACC-NEW,Yes,Account & Access Management
MU-102786,SIS-REG,Yes,Student Information System
MU-100325,APP-ERP,Yes,Application Support
MU-101184,SIS-REG,No,Student Information System
MU-103332,LMS-LOGIN,Yes,Learning Management System
MU-104367,SIS-FEE,Yes,Student Information System
MU-101429,ACC-LOCKED,Yes,Account & Access Management
MU-100633,SIS-REG,Yes,Student Information System
MU-100712,NET-WIFI-NOCONN,No,Network & Connectivity
MU-104511,ACC-PERMS,Yes,Account & Access Management
MU-103681,APP-ERP,No,Application Support
MU-101171,APP-ERP,Yes,Application Support
MU-102835,NET-VPN,No,Network & Connectivity
MU-104020,ACC-PWD-RESET,Yes,Account & Access Management
MU-102321,SIS-PORTAL-SLOW,Yes,Student Information System
MU-101328,ACC-PWD-RESET,No,Account & Access Management
MU-104359,LMS-COURSE-MISSING,Yes,Learning Management System
MU-104361,LMS-QUIZ,Yes,Learning Management System
MU-101983,NET-VPN,Yes,Network & Connectivity
MU-103640,ACC-PWD-RESET,Yes,Account & Access Management
MU-101609,SIS-TRANSCRIPT,Yes,Student Information System
MU-102381,SIS-REG,Yes,Student Information System
MU-101778,HW-PRINTER,Yes,Hardware & Equipment
MU-104405,LMS-QUIZ,Yes,Learning Management System
MU-101393,LMS-LOGIN,Yes,Learning Management System
MU-102998,APP-PRINT-SW,Yes,Application Support
MU-101186,LMS-QUIZ,No,Learning Management System
MU-102477,LMS-QUIZ,Yes,Learning Management System
MU-100032,NET-WIFI-NOCONN,No,Network & Connectivity
MU-104297,SIS-REG,Yes,Student Information System
MU-100259,ACC-NEW,Yes,Account & Access Management
MU-100191,HW-PC-SLOW,Yes,Hardware & Equipment
MU-103729,APP-PRINT-SW,No,Application Support
MU-100683,LMS-COURSE-MISSING,Yes,Learning Management System
MU-103769,SIS-FEE,Yes,Student Information System
MU-102726,ACC-LOCKED,Yes,Account & Access Management
MU-104388,HW-PERIPHERAL,Yes,Hardware & Equipment
MU-104767,NET-WIFI-NOCONN,No,Network & Connectivity
MU-102585,EML-SEND-FAIL,No,Email & Collaboration
MU-102932,HW-PRINTER,Yes,Hardware & Equipment
MU-102288,HW-PERIPHERAL,Yes,Hardware & Equipment
MU-103128,ACC-PERMS,No,Account & Access Management
MU-103843,APP-INSTALL,No,Application Support
MU-104022,HW-PRINTER,Yes,Hardware & Equipment
MU-101143,HW-PROJECTOR,No,Hardware & Equipment
MU-102450,NET-SLOW,No,Network & Connectivity
MU-102131,NET-VPN,No,Network & Connectivity
MU-104010,APP-ERP,No,Application Support
MU-104501,NET-SLOW,Yes,Network & Connectivity
MU-103890,ACC-PWD-RESET,No,Account & Access Management
MU-102474,HW-PC-NOBOOT,Yes,Hardware & Equipment
MU-104664,ACC-NEW,Yes,Account & Access Management
MU-103564,EML-MEETING,No,Email & Collaboration
MU-101185,SIS-REG,No,Student Information System
MU-103310,SIS-REG,Yes,Student Information System
MU-103053,LMS-COURSE-MISSING,No,Learning Management System
MU-103309,HW-PC-NOBOOT,No,Hardware & Equipment
MU-104399,LMS-COURSE-MISSING,Yes,Learning Management System
MU-103304,SIS-FEE,Yes,Student Information System
MU-102914,HW-PC-NOBOOT,No,Hardware & Equipment
MU-100483,NET-LAN-PORT,Yes,Network & Connectivity
MU-100286,APP-INSTALL,No,Application Support
MU-100944,HW-PRINTER,No,Hardware & Equipment
MU-102699,ACC-PERMS,Yes,Account & Access Management
MU-101534,EML-MEETING,No,Email & Collaboration
MU-102731,SIS-TRANSCRIPT,Yes,Student Information System
MU-104320,APP-PRINT-SW,No,Application Support
MU-101092,LMS-COURSE-MISSING,No,Learning Management System
MU-104200,NET-LAN-PORT,No,Network & Connectivity
MU-100485,NET-SLOW,Yes,Network & Connectivity
MU-101294,SIS-FEE,Yes,Student Information System
MU-103406,ACC-LOCKED,Yes,Account & Access Management
MU-103883,EML-MEETING,No,Email & Collaboration
MU-104233,ACC-NEW,Yes,Account & Access Management
MU-101536,ACC-NEW,No,Account & Access Management
MU-102839,EML-SEND-FAIL,Yes,Email & Collaboration
MU-100818,NET-SLOW,Yes,Network & Connectivity
MU-104042,HW-PROJECTOR,No,Hardware & Equipment
MU-104578,ACC-LOCKED,Yes,Account & Access Management
MU-103051,APP-INSTALL,Yes,Application Support
MU-100758,SIS-REG,Yes,Student Information System
MU-100203,NET-SLOW,No,Network & Connectivity
MU-103665,EML-MAILBOX-FULL,Yes,Email & Collaboration
MU-100065,ACC-PERMS,No,Account & Access Management
MU-100301,ACC-NEW,Yes,Account & Access Management
MU-104092,NET-WIFI-NOCONN,Yes,Network & Connectivity
MU-104375,ACC-PWD-RESET,Yes,Account & Access Management
MU-101099,SIS-TRANSCRIPT,No,Student Information System
MU-102475,SIS-FEE,Yes,Student Information System
MU-103921,LMS-UPLOAD,Yes,Learning Management System
MU-103586,NET-WIFI-NOCONN,Yes,Network & Connectivity
MU-100088,NET-WIFI-NOCONN,Yes,Network & Connectivity
MU-100983,ACC-PERMS,Yes,Account & Access Management
MU-103798,LMS-COURSE-MISSING,Yes,Learning Management System
MU-100727,SIS-FEE,Yes,Student Information System
MU-102675,APP-ERP,No,Application Support
MU-101787,HW-PRINTER,No,Hardware & Equipment
MU-100432,NET-VPN,Yes,Network & Connectivity
MU-104801,EML-MEETING,No,Email & Collaboration
MU-103423,LMS-QUIZ,Yes,Learning Management System
MU-102106,HW-PC-NOBOOT,Yes,Hardware & Equipment
MU-101815,NET-WIFI-NOCONN,Yes,Network & Connectivity
MU-104634,LMS-COURSE-MISSING,Yes,Learning Management System
MU-103891,HW-PC-SLOW,No,Hardware & Equipment
MU-102510,ACC-NEW,No,Account & Access Management
MU-101200,EML-MAILBOX-FULL,Yes,Email & Collaboration
MU-100414,LMS-QUIZ,Yes,Learning Management System
MU-103189,ACC-PWD-RESET,No,Account & Access Management
MU-101244,LMS-COURSE-MISSING,No,Learning Management System
MU-104078,HW-PERIPHERAL,Yes,Hardware & Equipment
MU-103583,LMS-COURSE-MISSING,No,Learning Management System
MU-102626,NET-LAN-PORT,No,Network & Connectivity
MU-102684,ACC-PWD-RESET,Yes,Account & Access Management
MU-101537,NET-SLOW,No,Network & Connectivity
MU-104216,APP-LICENCE,No,Application Support
MU-104206,EML-SEND-FAIL,Yes,Email & Collaboration
MU-103060,ACC-LOCKED,Yes,Account & Access Management
MU-100466,APP-LICENCE,No,Application Support
MU-100709,APP-INSTALL,Yes,Application Support
MU-100582,EML-SEND-FAIL,Yes,Email & Collaboration
MU-104533,ACC-PWD-RESET,Yes,Account & Access Management
MU-103144,LMS-COURSE-MISSING,Yes,Learning Management System
MU-100429,HW-PC-SLOW,No,Hardware & Equipment
MU-102024,NET-WIFI-NOCONN,Yes,Network & Connectivity
MU-100826,ACC-PWD-RESET,Yes,Account & Access Management
MU-102650,NET-WIFI-NOCONN,No,Network & Connectivity
MU-100514,ACC-PERMS,No,Account & Access Management
MU-100480,LMS-QUIZ,Yes,Learning Management System
MU-101956,EML-SEND-FAIL,Yes,Email & Collaboration
MU-100707,ACC-NEW,Yes,Account & Access Management
MU-100637,NET-SLOW,Yes,Network & Connectivity
MU-102560,LMS-COURSE-MISSING,No,Learning Management System
MU-101202,EML-SEND-FAIL,No,Email & Collaboration
MU-103751,LMS-QUIZ,No,Learning Management System
MU-103937,ACC-PWD-RESET,Yes,Account & Access Management
MU-102269,ACC-PWD-RESET,No,Account & Access Management
MU-104656,ACC-NEW,No,Account & Access Management
MU-101112,HW-PC-NOBOOT,Yes,Hardware & Equipment
MU-100521,SIS-REG,Yes,Student Information System
MU-101170,HW-PROJECTOR,No,Hardware & Equipment
MU-102965,LMS-COURSE-MISSING,Yes,Learning Management System
MU-104204,HW-PRINTER,No,Hardware & Equipment
MU-102089,ACC-PWD-RESET,No,Account & Access Management
MU-103290,HW-PC-NOBOOT,Yes,Hardware & Equipment
MU-104711,LMS-QUIZ,Yes,Learning Management System
MU-104163,EML-SEND-FAIL,Yes,Email & Collaboration
MU-100345,HW-PC-SLOW,Yes,Hardware & Equipment
MU-103536,LMS-LOGIN,No,Learning Management System
MU-102404,NET-WIFI-NOCONN,Yes,Network & Connectivity
MU-104795,APP-ERP,Yes,Application Support
MU-102302,NET-SLOW,Yes,Network & Connectivity
MU-103031,ACC-PERMS,No,Account & Access Management
MU-103217,APP-ERP,Yes,Application Support
MU-100141,APP-INSTALL,Yes,Application Support
MU-101752,ACC-PWD-RESET,Yes,Account & Access Management
MU-101616,LMS-COURSE-MISSING,No,Learning Management System
MU-104858,LMS-UPLOAD,Yes,Learning Management System
MU-102141,ACC-PWD-RESET,Yes,Account & Access Management
MU-101396,HW-PRINTER,No,Hardware & Equipment
MU-101326,HW-PROJECTOR,Yes,Hardware & Equipment
MU-101349,APP-PRINT-SW,No,Application Support
MU-101350,APP-INSTALL,Yes,Application Support
MU-101901,ACC-LOCKED,No,Account & Access Management
MU-101740,SIS-FEE,Yes,Student Information System
MU-103240,ACC-PWD-RESET,No,Account & Access Management
MU-104771,NET-SLOW,Yes,Network & Connectivity
MU-103526,NET-WIFI-NOCONN,No,Network & Connectivity
MU-102970,ACC-PWD-RESET,No,Account & Access Management
MU-102307,ACC-NEW,Yes,Account & Access Management
MU-104509,ACC-PWD-RESET,No,Account & Access Management
MU-103556,ACC-LOCKED,No,Account & Access Management
MU-101760,ACC-PWD-RESET,Yes,Account & Access Management
MU-100064,ACC-PWD-RESET,Yes,Account & Access Management
MU-102043,NET-WIFI-NOCONN,Yes,Network & Connectivity
MU-102097,NET-SLOW,Yes,Network & Connectivity
MU-103496,NET-WIFI-NOCONN,No,Network & Connectivity
MU-101286,SIS-FEE,Yes,Student Information System
MU-102470,SIS-FEE,Yes,Student Information System
MU-101681,LMS-UPLOAD,Yes,Learning Management System
MU-100848,EML-SEND-FAIL,No,Email & Collaboration
MU-103090,APP-LICENCE,Yes,Application Support
MU-104709,SIS-TRANSCRIPT,Yes,Student Information System
MU-100362,EML-MAILBOX-FULL,Yes,Email & Collaboration
MU-100164,LMS-COURSE-MISSING,Yes,Learning Management System
MU-101233,NET-WIFI-NOCONN,Yes,Network & Connectivity
MU-101712,NET-VPN,No,Network & Connectivity
MU-102460,LMS-QUIZ,No,Learning Management System
MU-101715,NET-WIFI-NOCONN,Yes,Network & Connectivity
MU-104443,EML-SEND-FAIL,Yes,Email & Collaboration
MU-102858,ACC-NEW,Yes,Account & Access Management
MU-101087,ACC-PERMS,Yes,Account & Access Management
MU-100344,SIS-TRANSCRIPT,Yes,Student Information System
MU-102503,NET-VPN,Yes,Network & Connectivity
MU-101301,LMS-UPLOAD,No,Learning Management System
MU-100478,SIS-FEE,Yes,Student Information System
MU-103945,SIS-TRANSCRIPT,Yes,Student Information System
MU-100295,LMS-LOGIN,No,Learning Management System
MU-102943,ACC-PWD-RESET,No,Account & Access Management
MU-102863,APP-PRINT-SW,Yes,Application Support
MU-100628,EML-MAILBOX-FULL,Yes,Email & Collaboration
MU-100012,NET-LAN-PORT,Yes,Network & Connectivity
MU-102416,HW-PC-NOBOOT,No,Hardware & Equipment
MU-101478,LMS-LOGIN,No,Learning Management System
MU-104759,ACC-PWD-RESET,No,Account & Access Management
MU-104693,ACC-PERMS,No,Account & Access Management
MU-104734,HW-PERIPHERAL,Yes,Hardware & Equipment
MU-103842,HW-PRINTER,No,Hardware & Equipment
MU-100767,NET-LAN-PORT,Yes,Network & Connectivity
MU-103340,HW-PRINTER,Yes,Hardware & Equipment
MU-103390,ACC-PWD-RESET,Yes,Account & Access Management
MU-101373,APP-LICENCE,Yes,Application Support
MU-101753,SIS-REG,Yes,Student Information System
MU-101881,EML-MAILBOX-FULL,Yes,Email & Collaboration
MU-102782,APP-ERP,Yes,Application Support
MU-103076,HW-PROJECTOR,Yes,Hardware & Equipment
MU-103194,APP-ERP,No,Application Support
MU-102369,APP-INSTALL,Yes,Application Support
MU-101911,EML-SEND-FAIL,Yes,Email & Collaboration
MU-102044,ACC-LOCKED,Yes,Account & Access Management
MU-101583,HW-PROJECTOR,Yes,Hardware & Equipment
MU-103294,ACC-PWD-RESET,Yes,Account & Access Management
MU-100419,HW-PROJECTOR,Yes,Hardware & Equipment
MU-103222,SIS-PORTAL-SLOW,Yes,Student Information System
MU-103093,ACC-PWD-RESET,No,Account & Access Management
MU-100007,ACC-PWD-RESET,No,Account & Access Management
MU-100402,ACC-PWD-RESET,Yes,Account & Access Management
MU-100408,HW-PRINTER,Yes,Hardware & Equipment
MU-104712,EML-MAILBOX-FULL,Yes,Email & Collaboration
MU-104024,NET-VPN,No,Network & Connectivity
MU-104497,HW-PC-SLOW,Yes,Hardware & Equipment
MU-102526,EML-SEND-FAIL,Yes,Email & Collaboration
MU-104119,LMS-COURSE-MISSING,No,Learning Management System
MU-104626,HW-PRINTER,Yes,Hardware & Equipment
MU-104827,LMS-UPLOAD,Yes,Learning Management System
MU-102010,ACC-LOCKED,No,Account & Access Management
MU-100171,LMS-COURSE-MISSING,No,Learning Management System
MU-101572,APP-PRINT-SW,Yes,Application Support
MU-100382,HW-PC-NOBOOT,No,Hardware & Equipment
MU-103836,LMS-COURSE-MISSING,Yes,Learning Management System
MU-101659,SIS-REG,Yes,Student Information System
MU-102778,NET-SLOW,Yes,Network & Connectivity
MU-104295,ACC-NEW,Yes,Account & Access Management
MU-100775,LMS-UPLOAD,Yes,Learning Management System
MU-103571,ACC-PWD-RESET,Yes,Account & Access Management
MU-103678,SIS-FEE,Yes,Student Information System
MU-102865,ACC-PERMS,Yes,Account & Access Management
MU-101897,SIS-FEE,Yes,Student Information System
MU-102087,HW-PRINTER,Yes,Hardware & Equipment
MU-100756,NET-WIFI-NOCONN,Yes,Network & Connectivity
MU-101877,NET-WIFI-NOCONN,No,Network & Connectivity
MU-100439,LMS-QUIZ,Yes,Learning Management System
MU-101954,ACC-PERMS,Yes,Account & Access Management
MU-101988,ACC-PWD-RESET,Yes,Account & Access Management
MU-102651,LMS-COURSE-MISSING,No,Learning Management System
MU-104357,SIS-FEE,Yes,Student Information System
MU-101641,LMS-COURSE-MISSING,Yes,Learning Management System
MU-101348,ACC-PWD-RESET,No,Account & Access Management
MU-101685,APP-LICENCE,Yes,Application Support
MU-101797,NET-SLOW,No,Network & Connectivity
MU-100572,ACC-PWD-RESET,Yes,Account & Access Management
MU-104696,HW-PC-SLOW,No,Hardware & Equipment
MU-100013,ACC-PWD-RESET,Yes,Account & Access Management
MU-103812,HW-PC-NOBOOT,Yes,Hardware & Equipment
MU-104049,ACC-PWD-RESET,Yes,Account & Access Management
MU-100605,NET-WIFI-NOCONN,Yes,Network & Connectivity
MU-104704,LMS-COURSE-MISSING,No,Learning Management System
MU-102589,NET-WIFI-NOCONN,No,Network & Connectivity
MU-102534,SIS-TRANSCRIPT,No,Student Information System
MU-101407,ACC-LOCKED,Yes,Account & Access Management
MU-100569,HW-PROJECTOR,Yes,Hardware & Equipment
MU-103712,SIS-FEE,No,Student Information System
MU-100829,NET-WIFI-NOCONN,Yes,Network & Connectivity
MU-101903,ACC-NEW,No,Account & Access Management
MU-104725,EML-SEND-FAIL,No,Email & Collaboration
MU-103206,APP-LICENCE,Yes,Application Support
MU-103907,APP-INSTALL,No,Application Support
MU-102548,EML-SEND-FAIL,Yes,Email & Collaboration
MU-103951,NET-WIFI-NOCONN,No,Network & Connectivity
MU-104162,NET-SLOW,Yes,Network & Connectivity
MU-102770,LMS-UPLOAD,No,Learning Management System
MU-100299,APP-LICENCE,Yes,Application Support
MU-102982,NET-SLOW,Yes,Network & Connectivity
MU-103400,ACC-LOCKED,No,Account & Access Management
MU-102893,EML-SEND-FAIL,No,Email & Collaboration
MU-100804,APP-PRINT-SW,Yes,Application Support
MU-100798,SIS-FEE,No,Student Information System
MU-102317,SIS-PORTAL-SLOW,Yes,Student Information System
MU-102480,HW-PC-SLOW,Yes,Hardware & Equipment
MU-102664,LMS-QUIZ,Yes,Learning Management System
MU-103756,SIS-FEE,Yes,Student Information System
MU-102995,SIS-REG,Yes,Student Information System
MU-104093,ACC-PWD-RESET,Yes,Account & Access Management
MU-103001,EML-MAILBOX-FULL,Yes,Email & Collaboration
MU-100107,HW-PC-NOBOOT,Yes,Hardware & Equipment
MU-101486,HW-PC-SLOW,Yes,Hardware & Equipment
MU-101463,LMS-COURSE-MISSING,Yes,Learning Management System
MU-102158,LMS-COURSE-MISSING,Yes,Learning Management System
MU-100706,EML-SEND-FAIL,No,Email & Collaboration
MU-104055,HW-PRINTER,Yes,Hardware & Equipment
MU-100816,ACC-PERMS,No,Account & Access Management
MU-101873,LMS-LOGIN,Yes,Learning Management System
MU-102383,LMS-COURSE-MISSING,Yes,Learning Management System
MU-104565,HW-PRINTER,No,Hardware & Equipment
MU-103142,ACC-PWD-RESET,No,Account & Access Management
MU-101378,SIS-FEE,Yes,Student Information System
MU-103412,LMS-LOGIN,No,Learning Management System
MU-103480,ACC-PWD-RESET,Yes,Account & Access Management
MU-100979,ACC-PWD-RESET,Yes,Account & Access Management
MU-103630,ACC-LOCKED,Yes,Account & Access Management
MU-104752,NET-WIFI-NOCONN,No,Network & Connectivity
MU-101925,SIS-PORTAL-SLOW,No,Student Information System
MU-103233,SIS-REG,Yes,Student Information System
MU-103374,ACC-LOCKED,Yes,Account & Access Management
MU-103813,NET-WIFI-NOCONN,Yes,Network & Connectivity
MU-100993,EML-SEND-FAIL,Yes,Email & Collaboration
MU-102605,EML-MEETING,Yes,Email & Collaboration
MU-104321,ACC-NEW,Yes,Account & Access Management
MU-103511,HW-PC-SLOW,Yes,Hardware & Equipment
MU-104338,SIS-FEE,No,Student Information System
MU-101613,EML-SEND-FAIL,Yes,Email & Collaboration
MU-102711,ACC-PWD-RESET,Yes,Account & Access Management
MU-100986,ACC-PERMS,Yes,Account & Access Management
MU-100359,HW-PRINTER,Yes,Hardware & Equipment
MU-104805,LMS-LOGIN,No,Learning Management System
MU-104874,NET-SLOW,Yes,Network & Connectivity
MU-103613,SIS-FEE,Yes,Student Information System
MU-101746,ACC-PERMS,No,Account & Access Management
MU-102627,LMS-COURSE-MISSING,Yes,Learning Management System
MU-104416,SIS-FEE,No,Student Information System
MU-103593,HW-PRINTER,Yes,Hardware & Equipment
MU-104478,NET-SLOW,No,Network & Connectivity
MU-102371,HW-PRINTER,Yes,Hardware & Equipment
MU-103720,ACC-PWD-RESET,Yes,Account & Access Management
MU-101196,NET-WIFI-NOCONN,No,Network & Connectivity
MU-100409,HW-PC-NOBOOT,Yes,Hardware & Equipment
MU-102079,LMS-QUIZ,No,Learning Management System
MU-104821,ACC-PWD-RESET,No,Account & Access Management
MU-102049,EML-SEND-FAIL,Yes,Email & Collaboration
MU-104448,NET-WIFI-NOCONN,Yes,Network & Connectivity
MU-103094,ACC-PWD-RESET,Yes,Account & Access Management
MU-101074,NET-WIFI-NOCONN,No,Network & Connectivity
MU-101412,SIS-TRANSCRIPT,Yes,Student Information System
MU-100311,NET-WIFI-NOCONN,No,Network & Connectivity
MU-103492,SIS-TRANSCRIPT,Yes,Student Information System
MU-104252,HW-PERIPHERAL,No,Hardware & Equipment
MU-103284,EML-SEND-FAIL,Yes,Email & Collaboration
MU-103004,LMS-UPLOAD,Yes,Learning Management System
MU-101136,EML-SEND-FAIL,No,Email & Collaboration
MU-100040,ACC-PWD-RESET,No,Account & Access Management
MU-104318,LMS-UPLOAD,Yes,Learning Management System
MU-101597,NET-LAN-PORT,Yes,Network & Connectivity
MU-101826,NET-SLOW,Yes,Network & Connectivity
MU-101419,HW-PERIPHERAL,Yes,Hardware & Equipment
MU-103109,EML-SEND-FAIL,No,Email & Collaboration
MU-102678,ACC-PWD-RESET,No,Account & Access Management
MU-100731,HW-PRINTER,No,Hardware & Equipment
MU-104452,NET-SLOW,Yes,Network & Connectivity
MU-104504,NET-LAN-PORT,Yes,Network & Connectivity
MU-103644,ACC-NEW,Yes,Account & Access Management
MU-100071,APP-PRINT-SW,Yes,Application Support
MU-104003,APP-PRINT-SW,Yes,Application Support
MU-100935,HW-PRINTER,No,Hardware & Equipment
MU-104832,NET-SLOW,No,Network & Connectivity
MU-101647,SIS-TRANSCRIPT,No,Student Information System
MU-104290,ACC-PWD-RESET,Yes,Account & Access Management
MU-103566,HW-PROJECTOR,Yes,Hardware & Equipment
MU-102652,LMS-QUIZ,No,Learning Management System
MU-103421,EML-MEETING,No,Email & Collaboration
MU-104217,SIS-TRANSCRIPT,No,Student Information System
MU-100797,SIS-PORTAL-SLOW,Yes,Student Information System
MU-104617,ACC-PWD-RESET,Yes,Account & Access Management
MU-101362,LMS-COURSE-MISSING,Yes,Learning Management System
MU-103827,ACC-NEW,No,Account & Access Management
MU-103721,NET-WIFI-NOCONN,Yes,Network & Connectivity
MU-103673,SIS-FEE,Yes,Student Information System
MU-103639,HW-PRINTER,Yes,Hardware & Equipment
MU-100307,NET-WIFI-NOCONN,No,Network & Connectivity
MU-104516,ACC-PERMS,No,Account & Access Management
MU-101743,EML-SEND-FAIL,Yes,Email & Collaboration
MU-102318,EML-MAILBOX-FULL,No,Email & Collaboration
MU-100795,ACC-LOCKED,Yes,Account & Access Management
MU-102370,SIS-FEE,No,Student Information System
MU-102563,SIS-REG,Yes,Student Information System
MU-101916,EML-SEND-FAIL,Yes,Email & Collaboration
MU-104591,NET-WIFI-NOCONN,No,Network & Connectivity
MU-101490,ACC-PWD-RESET,No,Account & Access Management
MU-102462,LMS-COURSE-MISSING,Yes,Learning Management System
MU-100146,SIS-REG,Yes,Student Information System
MU-102631,NET-WIFI-NOCONN,No,Network & Connectivity
MU-100227,ACC-LOCKED,No,Account & Access Management
MU-101114,LMS-QUIZ,Yes,Learning Management System
MU-101228,ACC-PWD-RESET,Yes,Account & Access Management
MU-104411,EML-MAILBOX-FULL,Yes,Email & Collaboration
MU-100908,HW-PC-NOBOOT,Yes,Hardware & Equipment
MU-100034,ACC-LOCKED,Yes,Account & Access Management
MU-103700,HW-PRINTER,No,Hardware & Equipment
MU-103446,EML-SEND-FAIL,No,Email & Collaboration
MU-101041,APP-INSTALL,Yes,Application Support
MU-101120,HW-PC-NOBOOT,Yes,Hardware & Equipment
MU-102473,LMS-COURSE-MISSING,No,Learning Management System
MU-101622,SIS-FEE,Yes,Student Information System
MU-103346,LMS-COURSE-MISSING,Yes,Learning Management System
MU-103881,HW-PC-SLOW,Yes,Hardware & Equipment
MU-100068,ACC-PWD-RESET,No,Account & Access Management
MU-100188,ACC-PWD-RESET,No,Account & Access Management
MU-101862,LMS-QUIZ,Yes,Learning Management System
MU-101181,NET-SLOW,Yes,Network & Connectivity
MU-101728,ACC-PWD-RESET,Yes,Account & Access Management
MU-100967,ACC-NEW,No,Account & Access Management
MU-103859,LMS-QUIZ,Yes,Learning Management System
MU-102936,LMS-UPLOAD,No,Learning Management System
MU-104633,SIS-PORTAL-SLOW,No,Student Information System
MU-100854,SIS-REG,Yes,Student Information System
MU-102170,HW-PERIPHERAL,No,Hardware & Equipment
MU-100925,ACC-PWD-RESET,No,Account & Access Management
MU-100434,EML-SEND-FAIL,Yes,Email & Collaboration
MU-102425,HW-PC-NOBOOT,Yes,Hardware & Equipment
MU-102570,ACC-PWD-RESET,Yes,Account & Access Management
MU-103345,HW-PRINTER,No,Hardware & Equipment
MU-100122,APP-ERP,Yes,Application Support
MU-100622,ACC-PWD-RESET,No,Account & Access Management
MU-103312,HW-PC-SLOW,Yes,Hardware & Equipment
MU-102838,NET-SLOW,Yes,Network & Connectivity
MU-103521,SIS-REG,No,Student Information System
MU-102467,APP-INSTALL,Yes,Application Support
MU-101731,SIS-PORTAL-SLOW,Yes,Student Information System
MU-103036,NET-SLOW,No,Network & Connectivity
MU-100375,NET-WIFI-NOCONN,No,Network & Connectivity
MU-103341,ACC-PERMS,No,Account & Access Management
MU-103626,SIS-REG,Yes,Student Information System
MU-103263,LMS-LOGIN,No,Learning Management System
MU-101604,ACC-LOCKED,Yes,Account & Access Management
MU-104686,ACC-NEW,Yes,Account & Access Management
MU-102634,NET-SLOW,No,Network & Connectivity
MU-101619,APP-INSTALL,Yes,Application Support
MU-101900,ACC-NEW,Yes,Account & Access Management
MU-103199,LMS-LOGIN,No,Learning Management System
MU-102449,HW-PRINTER,Yes,Hardware & Equipment
MU-100717,LMS-LOGIN,No,Learning Management System
MU-100836,NET-WIFI-NOCONN,No,Network & Connectivity
MU-104085,APP-INSTALL,Yes,Application Support
MU-101248,ACC-PWD-RESET,Yes,Account & Access Management
MU-100636,HW-PRINTER,No,Hardware & Equipment
MU-100680,SIS-PORTAL-SLOW,Yes,Student Information System
MU-102735,NET-SLOW,Yes,Network & Connectivity
MU-100647,HW-PRINTER,Yes,Hardware & Equipment
MU-101054,EML-MAILBOX-FULL,No,Email & Collaboration
MU-101330,APP-LICENCE,No,Application Support
MU-101917,SIS-PORTAL-SLOW,No,Student Information System
MU-104553,ACC-LOCKED,Yes,Account & Access Management
MU-102509,EML-MAILBOX-FULL,Yes,Email & Collaboration
MU-103008,ACC-PWD-RESET,Yes,Account & Access Management
MU-104465,ACC-NEW,Yes,Account & Access Management
MU-104622,SIS-PORTAL-SLOW,Yes,Student Information System
MU-100878,HW-PRINTER,Yes,Hardware & Equipment
MU-103232,ACC-PWD-RESET,Yes,Account & Access Management
MU-104371,EML-SEND-FAIL,Yes,Email & Collaboration
MU-103477,NET-WIFI-NOCONN,No,Network & Connectivity
MU-101134,LMS-COURSE-MISSING,No,Learning Management System
MU-102194,HW-PC-NOBOOT,No,Hardware & Equipment
MU-102436,SIS-FEE,Yes,Student Information System
MU-102195,HW-PROJECTOR,Yes,Hardware & Equipment
MU-104190,LMS-LOGIN,No,Learning Management System
MU-103476,ACC-PWD-RESET,Yes,Account & Access Management
MU-103902,EML-SEND-FAIL,No,Email & Collaboration
MU-103228,NET-SLOW,Yes,Network & Connectivity
MU-100244,EML-MEETING,No,Email & Collaboration
MU-102856,HW-PC-NOBOOT,No,Hardware & Equipment
MU-100747,SIS-FEE,Yes,Student Information System
MU-102275,ACC-LOCKED,Yes,Account & Access Management
MU-102606,EML-SEND-FAIL,Yes,Email & Collaboration
MU-101766,NET-WIFI-NOCONN,Yes,Network & Connectivity
MU-104594,ACC-LOCKED,No,Account & Access Management
MU-101458,LMS-LOGIN,Yes,Learning Management System
MU-100764,LMS-QUIZ,Yes,Learning Management System
MU-104181,ACC-PERMS,Yes,Account & Access Management
MU-100449,SIS-TRANSCRIPT,Yes,Student Information System
MU-100750,SIS-REG,No,Student Information System
MU-102399,SIS-REG,Yes,Student Information System
MU-101399,SIS-REG,No,Student Information System
MU-103180,EML-MAILBOX-FULL,Yes,Email & Collaboration
MU-100701,LMS-COURSE-MISSING,Yes,Learning Management System
MU-104628,ACC-PERMS,Yes,Account & Access Management
MU-100997,NET-LAN-PORT,No,Network & Connectivity
MU-104783,ACC-PWD-RESET,No,Account & Access Management
MU-100169,HW-PRINTER,Yes,Hardware & Equipment
MU-103832,SIS-REG,Yes,Student Information System
MU-104714,LMS-LOGIN,Yes,Learning Management System
MU-101476,LMS-COURSE-MISSING,No,Learning Management System
MU-104694,ACC-NEW,Yes,Account & Access Management
MU-100771,NET-LAN-PORT,Yes,Network & Connectivity
MU-103709,SIS-REG,No,Student Information System
MU-104658,HW-PRINTER,Yes,Hardware & Equipment
MU-100302,HW-PROJECTOR,Yes,Hardware & Equipment
MU-104061,LMS-LOGIN,Yes,Learning Management System
MU-100349,HW-PC-NOBOOT,Yes,Hardware & Equipment
MU-102168,APP-LICENCE,Yes,Application Support
MU-102868,NET-WIFI-NOCONN,Yes,Network & Connectivity
MU-104526,NET-SLOW,Yes,Network & Connectivity
MU-102100,HW-PROJECTOR,Yes,Hardware & Equipment
MU-101985,ACC-PWD-RESET,No,Account & Access Management
MU-100734,SIS-REG,No,Student Information System
MU-103702,LMS-LOGIN,No,Learning Management System
MU-103106,LMS-QUIZ,No,Learning Management System
MU-101879,SIS-TRANSCRIPT,No,Student Information System
MU-100221,NET-LAN-PORT,No,Network & Connectivity
MU-104152,NET-WIFI-NOCONN,Yes,Network & Connectivity
MU-100614,APP-ERP,No,Application Support
MU-104733,ACC-PERMS,Yes,Account & Access Management
MU-102695,LMS-LOGIN,No,Learning Management System
MU-102060,SIS-REG,No,Student Information System
MU-100159,ACC-LOCKED,Yes,Account & Access Management
MU-103595,APP-INSTALL,Yes,Application Support
MU-100063,LMS-LOGIN,No,Learning Management System
MU-101340,APP-ERP,Yes,Application Support
MU-103029,ACC-LOCKED,Yes,Account & Access Management
MU-100858,ACC-PWD-RESET,Yes,Account & Access Management
MU-103092,SIS-REG,Yes,Student Information System
MU-101570,LMS-QUIZ,Yes,Learning Management System
MU-104157,EML-MEETING,Yes,Email & Collaboration
MU-102843,NET-SLOW,Yes,Network & Connectivity
MU-104506,NET-WIFI-NOCONN,No,Network & Connectivity
MU-101652,ACC-PWD-RESET,Yes,Account & Access Management
MU-100089,EML-MEETING,No,Email & Collaboration
MU-103428,LMS-QUIZ,Yes,Learning Management System
MU-101160,HW-PC-SLOW,Yes,Hardware & Equipment
MU-100648,LMS-COURSE-MISSING,Yes,Learning Management System
MU-104569,LMS-COURSE-MISSING,Yes,Learning Management System
MU-104125,NET-WIFI-NOCONN,No,Network & Connectivity
MU-103909,EML-SEND-FAIL,No,Email & Collaboration
MU-102260,EML-SEND-FAIL,Yes,Email & Collaboration
MU-101763,ACC-LOCKED,No,Account & Access Management
MU-101003,APP-ERP,Yes,Application Support
MU-104794,ACC-LOCKED,No,Account & Access Management
MU-100894,HW-PROJECTOR,Yes,Hardware & Equipment
MU-103949,ACC-PWD-RESET,No,Account & Access Management
MU-104215,NET-WIFI-NOCONN,Yes,Network & Connectivity
MU-100556,SIS-REG,Yes,Student Information System
MU-101219,ACC-NEW,Yes,Account & Access Management
MU-103512,LMS-LOGIN,Yes,Learning Management System
MU-103377,ACC-PWD-RESET,No,Account & Access Management
MU-104814,ACC-LOCKED,Yes,Account & Access Management
MU-104660,APP-INSTALL,No,Application Support
MU-103714,SIS-FEE,No,Student Information System
MU-102523,APP-INSTALL,Yes,Application Support
MU-101908,NET-LAN-PORT,Yes,Network & Connectivity
MU-100001,SIS-REG,Yes,Student Information System
MU-101366,LMS-LOGIN,No,Learning Management System
MU-101565,LMS-UPLOAD,Yes,Learning Management System
MU-104484,ACC-PWD-RESET,Yes,Account & Access Management
MU-104267,NET-SLOW,No,Network & Connectivity
MU-100946,HW-PROJECTOR,Yes,Hardware & Equipment
MU-103791,HW-PERIPHERAL,No,Hardware & Equipment
MU-103897,NET-SLOW,Yes,Network & Connectivity
MU-100066,NET-SLOW,Yes,Network & Connectivity
MU-102940,ACC-NEW,Yes,Account & Access Management
MU-104017,NET-SLOW,Yes,Network & Connectivity
MU-104726,APP-INSTALL,No,Application Support
MU-104828,ACC-NEW,Yes,Account & Access Management
MU-102167,NET-VPN,Yes,Network & Connectivity
MU-100631,HW-PC-NOBOOT,Yes,Hardware & Equipment
MU-104520,LMS-LOGIN,No,Learning Management System
MU-103378,SIS-REG,No,Student Information System
MU-104519,LMS-QUIZ,Yes,Learning Management System
MU-104889,ACC-PWD-RESET,Yes,Account & Access Management
MU-104237,EML-SEND-FAIL,Yes,Email & Collaboration
MU-104087,LMS-QUIZ,Yes,Learning Management System
MU-104343,ACC-PWD-RESET,No,Account & Access Management
MU-102305,ACC-LOCKED,Yes,Account & Access Management
MU-102040,NET-SLOW,No,Network & Connectivity
MU-104742,LMS-COURSE-MISSING,Yes,Learning Management System
MU-101924,NET-SLOW,Yes,Network & Connectivity
MU-100067,NET-VPN,Yes,Network & Connectivity
MU-101884,APP-ERP,Yes,Application Support
MU-101321,ACC-PWD-RESET,No,Account & Access Management
MU-103226,LMS-COURSE-MISSING,Yes,Learning Management System
MU-103347,ACC-PERMS,Yes,Account & Access Management
MU-101526,HW-PERIPHERAL,Yes,Hardware & Equipment
MU-103835,EML-SEND-FAIL,Yes,Email & Collaboration
MU-101951,HW-PRINTER,Yes,Hardware & Equipment
MU-103804,EML-SEND-FAIL,Yes,Email & Collaboration
MU-101249,NET-WIFI-NOCONN,No,Network & Connectivity
MU-102690,NET-LAN-PORT,No,Network & Connectivity
MU-103197,EML-MAILBOX-FULL,Yes,Email & Collaboration
MU-101220,LMS-LOGIN,Yes,Learning Management System
MU-102202,APP-INSTALL,No,Application Support
MU-100857,SIS-REG,No,Student Information System
MU-102616,SIS-FEE,Yes,Student Information System
MU-101958,ACC-PWD-RESET,No,Account & Access Management
MU-102424,APP-PRINT-SW,No,Application Support
MU-102916,SIS-TRANSCRIPT,No,Student Information System
MU-101359,NET-LAN-PORT,No,Network & Connectivity
MU-100360,APP-INSTALL,Yes,Application Support
MU-100247,NET-SLOW,No,Network & Connectivity
MU-104364,EML-MAILBOX-FULL,No,Email & Collaboration
MU-100059,LMS-LOGIN,No,Learning Management System
MU-103748,HW-PERIPHERAL,Yes,Hardware & Equipment
MU-101332,HW-PC-NOBOOT,No,Hardware & Equipment
MU-103277,HW-PC-NOBOOT,Yes,Hardware & Equipment
MU-101017,LMS-COURSE-MISSING,Yes,Learning Management System
MU-100660,NET-SLOW,Yes,Network & Connectivity
MU-104677,NET-SLOW,Yes,Network & Connectivity
MU-101103,NET-WIFI-NOCONN,Yes,Network & Connectivity
MU-101204,ACC-PWD-RESET,Yes,Account & Access Management
MU-104236,NET-WIFI-NOCONN,Yes,Network & Connectivity
MU-102505,NET-VPN,Yes,Network & Connectivity
MU-104820,LMS-LOGIN,No,Learning Management System
MU-102336,NET-WIFI-NOCONN,Yes,Network & Connectivity
MU-102676,EML-MEETING,Yes,Email & Collaboration
MU-100459,NET-WIFI-NOCONN,No,Network & Connectivity
MU-103609,EML-SEND-FAIL,No,Email & Collaboration
MU-103950,HW-PC-NOBOOT,Yes,Hardware & Equipment
MU-101691,LMS-COURSE-MISSING,Yes,Learning Management System
MU-101759,ACC-LOCKED,Yes,Account & Access Management
MU-102898,SIS-PORTAL-SLOW,Yes,Student Information System
MU-101972,NET-WIFI-NOCONN,No,Network & Connectivity
MU-104654,NET-WIFI-NOCONN,Yes,Network & Connectivity
MU-101611,ACC-PWD-RESET,Yes,Account & Access Management
MU-102512,NET-SLOW,Yes,Network & Connectivity
MU-104604,LMS-LOGIN,No,Learning Management System
MU-102073,NET-SLOW,No,Network & Connectivity
MU-102727,SIS-REG,Yes,Student Information System
MU-102805,NET-SLOW,No,Network & Connectivity
MU-101066,SIS-PORTAL-SLOW,No,Student Information System
MU-102719,EML-MAILBOX-FULL,Yes,Email & Collaboration
MU-103516,ACC-NEW,No,Account & Access Management
MU-102962,NET-WIFI-NOCONN,No,Network & Connectivity
MU-104818,NET-LAN-PORT,Yes,Network & Connectivity
MU-104317,APP-INSTALL,No,Application Support
MU-102387,LMS-LOGIN,Yes,Learning Management System
MU-103220,ACC-PWD-RESET,No,Account & Access Management
MU-100869,NET-WIFI-NOCONN,Yes,Network & Connectivity
MU-100904,APP-LICENCE,No,Application Support
MU-102455,EML-MEETING,Yes,Email & Collaboration
MU-103789,LMS-COURSE-MISSING,Yes,Learning Management System
MU-101643,EML-MAILBOX-FULL,Yes,Email & Collaboration
MU-104563,EML-SEND-FAIL,Yes,Email & Collaboration
MU-102798,SIS-REG,Yes,Student Information System
MU-101038,SIS-REG,Yes,Student Information System
MU-100847,ACC-PWD-RESET,Yes,Account & Access Management
MU-101773,ACC-PWD-RESET,No,Account & Access Management
MU-102315,ACC-PWD-RESET,Yes,Account & Access Management
MU-102531,ACC-PERMS,Yes,Account & Access Management
MU-101935,LMS-UPLOAD,No,Learning Management System
MU-101298,NET-VPN,Yes,Network & Connectivity
MU-101802,SIS-FEE,Yes,Student Information System
MU-104572,ACC-PWD-RESET,No,Account & Access Management
MU-103922,NET-LAN-PORT,Yes,Network & Connectivity
MU-102956,NET-WIFI-NOCONN,Yes,Network & Connectivity
MU-102384,ACC-LOCKED,Yes,Account & Access Management
MU-100234,ACC-LOCKED,Yes,Account & Access Management
MU-104186,ACC-PWD-RESET,No,Account & Access Management
MU-103502,NET-WIFI-NOCONN,Yes,Network & Connectivity
MU-100554,NET-SLOW,No,Network & Connectivity
MU-103559,SIS-TRANSCRIPT,No,Student Information System
MU-104201,HW-PRINTER,No,Hardware & Equipment
MU-100036,EML-SEND-FAIL,Yes,Email & Collaboration
MU-104406,ACC-LOCKED,Yes,Account & Access Management
MU-103314,ACC-PWD-RESET,Yes,Account & Access Management
MU-103754,HW-PC-NOBOOT,No,Hardware & Equipment
MU-103797,NET-WIFI-NOCONN,Yes,Network & Connectivity
MU-100837,SIS-FEE,Yes,Student Information System
MU-102300,SIS-TRANSCRIPT,No,Student Information System
MU-100237,APP-INSTALL,Yes,Application Support
MU-103785,HW-PROJECTOR,No,Hardware & Equipment
MU-103225,HW-PC-NOBOOT,Yes,Hardware & Equipment
MU-102143,ACC-PWD-RESET,No,Account & Access Management
MU-100963,LMS-QUIZ,Yes,Learning Management System
MU-102252,HW-PRINTER,Yes,Hardware & Equipment
MU-100465,ACC-PERMS,No,Account & Access Management
MU-104424,LMS-LOGIN,Yes,Learning Management System
MU-102628,ACC-PERMS,No,Account & Access Management
MU-100575,SIS-REG,No,Student Information System
MU-100959,APP-LICENCE,Yes,Application Support
MU-101475,SIS-PORTAL-SLOW,No,Student Information System
MU-103246,SIS-TRANSCRIPT,Yes,Student Information System
MU-103778,HW-PC-NOBOOT,No,Hardware & Equipment
MU-101413,NET-WIFI-NOCONN,Yes,Network & Connectivity
MU-104848,NET-SLOW,Yes,Network & Connectivity
MU-104635,SIS-FEE,Yes,Student Information System
MU-103475,SIS-FEE,No,Student Information System
MU-101735,NET-SLOW,Yes,Network & Connectivity
MU-102852,LMS-COURSE-MISSING,Yes,Learning Management System
MU-100568,ACC-PWD-RESET,Yes,Account & Access Management
MU-104815,LMS-LOGIN,Yes,Learning Management System
MU-100527,LMS-QUIZ,No,Learning Management System
MU-104682,HW-PERIPHERAL,No,Hardware & Equipment
MU-104202,ACC-PWD-RESET,Yes,Account & Access Management
MU-104705,SIS-PORTAL-SLOW,Yes,Student Information System
MU-104723,LMS-COURSE-MISSING,Yes,Learning Management System
MU-101980,NET-WIFI-NOCONN,No,Network & Connectivity
MU-101834,ACC-LOCKED,No,Account & Access Management
MU-104135,HW-PROJECTOR,Yes,Hardware & Equipment
MU-102625,NET-WIFI-NOCONN,Yes,Network & Connectivity
MU-104619,HW-PRINTER,No,Hardware & Equipment
MU-103214,APP-ERP,No,Application Support
MU-100037,NET-WIFI-NOCONN,Yes,Network & Connectivity
MU-103438,HW-PROJECTOR,No,Hardware & Equipment
MU-100824,ACC-LOCKED,No,Account & Access Management
MU-100763,LMS-UPLOAD,No,Learning Management System
MU-103581,NET-VPN,No,Network & Connectivity
MU-100166,APP-PRINT-SW,Yes,Application Support
MU-101213,APP-LICENCE,Yes,Application Support
MU-103808,APP-INSTALL,No,Application Support
MU-102667,LMS-COURSE-MISSING,No,Learning Management System
MU-102121,ACC-LOCKED,Yes,Account & Access Management
MU-103914,APP-PRINT-SW,No,Application Support
MU-103550,NET-LAN-PORT,Yes,Network & Connectivity
MU-103662,HW-PRINTER,Yes,Hardware & Equipment
MU-100210,HW-PRINTER,Yes,Hardware & Equipment
MU-103134,NET-LAN-PORT,Yes,Network & Connectivity
MU-103962,LMS-COURSE-MISSING,Yes,Learning Management System
MU-104307,SIS-REG,Yes,Student Information System
MU-100085,HW-PROJECTOR,Yes,Hardware & Equipment
MU-101380,EML-MAILBOX-FULL,Yes,Email & Collaboration
MU-103099,LMS-COURSE-MISSING,No,Learning Management System
MU-100457,ACC-PWD-RESET,No,Account & Access Management
MU-100910,SIS-REG,Yes,Student Information System
MU-104496,ACC-PWD-RESET,Yes,Account & Access Management
MU-102385,APP-PRINT-SW,Yes,Application Support
MU-104474,ACC-PWD-RESET,Yes,Account & Access Management
MU-100853,EML-MEETING,Yes,Email & Collaboration
MU-102827,EML-SEND-FAIL,No,Email & Collaboration
MU-103392,HW-PRINTER,Yes,Hardware & Equipment
MU-101640,SIS-REG,Yes,Student Information System
MU-102713,ACC-PWD-RESET,Yes,Account & Access Management
MU-103604,NET-SLOW,Yes,Network & Connectivity
MU-100132,NET-SLOW,Yes,Network & Connectivity
MU-102394,HW-PROJECTOR,No,Hardware & Equipment
MU-104760,HW-PRINTER,Yes,Hardware & Equipment
MU-100704,NET-LAN-PORT,No,Network & Connectivity
MU-100544,HW-PC-NOBOOT,Yes,Hardware & Equipment
MU-100103,NET-WIFI-NOCONN,No,Network & Connectivity
MU-103440,SIS-REG,No,Student Information System
MU-103140,HW-PC-SLOW,Yes,Hardware & Equipment
MU-100534,APP-PRINT-SW,Yes,Application Support
MU-102614,APP-PRINT-SW,Yes,Application Support
MU-104672,LMS-COURSE-MISSING,No,Learning Management System
MU-104081,EML-MAILBOX-FULL,No,Email & Collaboration
MU-103038,NET-SLOW,No,Network & Connectivity
MU-100955,LMS-LOGIN,Yes,Learning Management System
MU-103600,ACC-PWD-RESET,Yes,Account & Access Management
MU-103485,LMS-LOGIN,No,Learning Management System
MU-103783,EML-MEETING,No,Email & Collaboration
MU-103862,APP-ERP,No,Application Support
MU-101957,ACC-PERMS,Yes,Account & Access Management
MU-100423,LMS-COURSE-MISSING,No,Learning Management System
MU-101335,HW-PRINTER,Yes,Hardware & Equipment
MU-103108,NET-SLOW,Yes,Network & Connectivity
MU-102075,SIS-FEE,No,Student Information System
MU-100739,NET-LAN-PORT,Yes,Network & Connectivity
MU-103394,APP-PRINT-SW,Yes,Application Support
MU-101142,EML-MAILBOX-FULL,Yes,Email & Collaboration
MU-104407,NET-VPN,Yes,Network & Connectivity
MU-104527,ACC-LOCKED,Yes,Account & Access Management
MU-102123,LMS-LOGIN,Yes,Learning Management System
MU-101833,HW-PERIPHERAL,Yes,Hardware & Equipment
MU-104442,HW-PRINTER,Yes,Hardware & Equipment
MU-104262,SIS-REG,Yes,Student Information System
MU-101948,SIS-REG,No,Student Information System
MU-100809,HW-PROJECTOR,No,Hardware & Equipment
MU-104256,ACC-PWD-RESET,No,Account & Access Management
MU-101438,LMS-COURSE-MISSING,Yes,Learning Management System
MU-100687,SIS-REG,Yes,Student Information System
MU-101422,HW-PERIPHERAL,Yes,Hardware & Equipment
MU-104552,ACC-PWD-RESET,No,Account & Access Management
MU-101682,ACC-PWD-RESET,Yes,Account & Access Management
MU-102961,SIS-PORTAL-SLOW,Yes,Student Information System
MU-104655,LMS-COURSE-MISSING,Yes,Learning Management System
MU-100668,NET-LAN-PORT,Yes,Network & Connectivity
MU-100275,SIS-REG,No,Student Information System
MU-101123,EML-MAILBOX-FULL,Yes,Email & Collaboration
MU-104323,APP-LICENCE,No,Application Support
MU-103431,ACC-NEW,Yes,Account & Access Management
MU-101325,EML-SEND-FAIL,Yes,Email & Collaboration
MU-103684,ACC-PERMS,No,Account & Access Management
MU-101800,SIS-REG,No,Student Information System
MU-103903,APP-PRINT-SW,Yes,Application Support
MU-103931,LMS-LOGIN,Yes,Learning Management System
MU-103160,SIS-TRANSCRIPT,No,Student Information System
MU-104060,LMS-LOGIN,Yes,Learning Management System
MU-100754,ACC-PWD-RESET,No,Account & Access Management
MU-102810,HW-PC-NOBOOT,No,Hardware & Equipment
MU-104433,LMS-LOGIN,Yes,Learning Management System
MU-103610,LMS-COURSE-MISSING,Yes,Learning Management System
MU-103151,ACC-PWD-RESET,Yes,Account & Access Management
MU-104644,LMS-UPLOAD,Yes,Learning Management System
MU-100787,ACC-PWD-RESET,Yes,Account & Access Management
MU-103270,NET-LAN-PORT,No,Network & Connectivity
MU-103193,NET-WIFI-NOCONN,No,Network & Connectivity
MU-100863,NET-LAN-PORT,No,Network & Connectivity
MU-104445,LMS-COURSE-MISSING,No,Learning Management System
MU-101893,HW-PROJECTOR,No,Hardware & Equipment
MU-100338,APP-PRINT-SW,No,Application Support
MU-102052,ACC-LOCKED,Yes,Account & Access Management
MU-102507,APP-PRINT-SW,No,Application Support
MU-101937,APP-LICENCE,Yes,Application Support
MU-101152,ACC-PWD-RESET,Yes,Account & Access Management
MU-104146,HW-PRINTER,Yes,Hardware & Equipment
MU-101190,LMS-QUIZ,No,Learning Management System
MU-101256,ACC-NEW,Yes,Account & Access Management
MU-101427,HW-PRINTER,Yes,Hardware & Equipment
MU-100645,HW-PC-SLOW,Yes,Hardware & Equipment
MU-100343,EML-SEND-FAIL,Yes,Email & Collaboration
MU-103601,SIS-FEE,No,Student Information System
MU-100236,HW-PRINTER,No,Hardware & Equipment
MU-101040,APP-PRINT-SW,No,Application Support
MU-102783,EML-SEND-FAIL,Yes,Email & Collaboration
MU-100456,ACC-PWD-RESET,No,Account & Access Management
MU-104597,ACC-PERMS,Yes,Account & Access Management
MU-102242,EML-MAILBOX-FULL,Yes,Email & Collaboration
MU-101838,HW-PROJECTOR,Yes,Hardware & Equipment
MU-104272,NET-LAN-PORT,Yes,Network & Connectivity
MU-103255,HW-PERIPHERAL,No,Hardware & Equipment
MU-104335,HW-PC-NOBOOT,Yes,Hardware & Equipment
MU-100042,NET-SLOW,Yes,Network & Connectivity
MU-104521,SIS-FEE,Yes,Student Information System
MU-102593,LMS-COURSE-MISSING,Yes,Learning Management System
MU-102329,ACC-LOCKED,Yes,Account & Access Management
MU-101952,LMS-COURSE-MISSING,Yes,Learning Management System
MU-102504,NET-WIFI-NOCONN,No,Network & Connectivity
MU-101377,NET-LAN-PORT,Yes,Network & Connectivity
MU-104324,NET-SLOW,Yes,Network & Connectivity
MU-103249,APP-INSTALL,No,Application Support
MU-102538,HW-PRINTER,Yes,Hardware & Equipment
MU-102132,LMS-UPLOAD,No,Learning Management System
MU-100941,HW-PROJECTOR,No,Hardware & Equipment
MU-104360,SIS-REG,Yes,Student Information System
MU-100430,LMS-LOGIN,No,Learning Management System
MU-100920,ACC-PWD-RESET,No,Account & Access Management
MU-102754,HW-PC-NOBOOT,Yes,Hardware & Equipment
MU-104311,NET-WIFI-NOCONN,No,Network & Connectivity
MU-104185,SIS-REG,Yes,Student Information System
MU-103012,NET-SLOW,No,Network & Connectivity
MU-103799,HW-PC-NOBOOT,Yes,Hardware & Equipment
MU-100258,EML-MAILBOX-FULL,Yes,Email & Collaboration
MU-104410,SIS-REG,No,Student Information System
MU-101197,SIS-TRANSCRIPT,Yes,Student Information System
MU-101792,SIS-FEE,Yes,Student Information System
MU-102817,ACC-PWD-RESET,No,Account & Access Management
MU-103198,NET-SLOW,No,Network & Connectivity
MU-102514,LMS-LOGIN,Yes,Learning Management System
MU-102706,SIS-REG,No,Student Information System
MU-100781,NET-SLOW,No,Network & Connectivity
MU-101707,LMS-LOGIN,Yes,Learning Management System
MU-100508,ACC-PWD-RESET,No,Account & Access Management
MU-103710,LMS-LOGIN,Yes,Learning Management System
MU-101549,APP-PRINT-SW,Yes,Application Support
MU-100041,SIS-REG,Yes,Student Information System
MU-100681,NET-WIFI-NOCONN,Yes,Network & Connectivity
MU-100805,NET-VPN,No,Network & Connectivity
MU-100251,HW-PRINTER,No,Hardware & Equipment
MU-102459,ACC-PWD-RESET,Yes,Account & Access Management
MU-102031,NET-VPN,Yes,Network & Connectivity
MU-104637,LMS-LOGIN,No,Learning Management System
MU-100548,LMS-UPLOAD,Yes,Learning Management System
MU-102728,LMS-UPLOAD,Yes,Learning Management System
MU-104458,LMS-LOGIN,Yes,Learning Management System
MU-101034,SIS-PORTAL-SLOW,No,Student Information System
MU-101423,NET-WIFI-NOCONN,Yes,Network & Connectivity
MU-104720,ACC-PWD-RESET,No,Account & Access Management
MU-100168,LMS-LOGIN,Yes,Learning Management System
MU-103435,EML-MAILBOX-FULL,No,Email & Collaboration
MU-100030,HW-PRINTER,Yes,Hardware & Equipment
MU-103183,LMS-COURSE-MISSING,Yes,Learning Management System
MU-100262,NET-VPN,Yes,Network & Connectivity
MU-102009,LMS-COURSE-MISSING,Yes,Learning Management System
MU-100778,LMS-LOGIN,Yes,Learning Management System
MU-104365,EML-MEETING,No,Email & Collaboration
MU-103624,NET-SLOW,Yes,Network & Connectivity
MU-100766,ACC-PWD-RESET,Yes,Account & Access Management
MU-100965,HW-PC-SLOW,No,Hardware & Equipment
MU-102386,EML-SEND-FAIL,Yes,Email & Collaboration
MU-102421,HW-PERIPHERAL,Yes,Hardware & Equipment
MU-102844,LMS-COURSE-MISSING,No,Learning Management System
MU-100212,SIS-PORTAL-SLOW,Yes,Student Information System
MU-103229,APP-ERP,Yes,Application Support
MU-103223,LMS-UPLOAD,No,Learning Management System
MU-103306,NET-LAN-PORT,Yes,Network & Connectivity
MU-104774,HW-PERIPHERAL,Yes,Hardware & Equipment
MU-103539,NET-WIFI-NOCONN,No,Network & Connectivity
MU-104451,HW-PRINTER,No,Hardware & Equipment
MU-104583,HW-PC-SLOW,Yes,Hardware & Equipment
MU-104873,SIS-REG,Yes,Student Information System
MU-103231,HW-PC-NOBOOT,Yes,Hardware & Equipment
MU-100526,ACC-PWD-RESET,No,Account & Access Management
MU-104167,HW-PRINTER,No,Hardware & Equipment
MU-101083,HW-PRINTER,Yes,Hardware & Equipment
MU-101656,APP-INSTALL,No,Application Support
MU-102984,SIS-REG,Yes,Student Information System
MU-103098,NET-LAN-PORT,No,Network & Connectivity
MU-100740,NET-VPN,No,Network & Connectivity
MU-104171,EML-MEETING,Yes,Email & Collaboration
MU-101102,NET-SLOW,Yes,Network & Connectivity
MU-101004,HW-PRINTER,No,Hardware & Equipment
MU-101013,ACC-PWD-RESET,No,Account & Access Management
MU-100248,SIS-REG,Yes,Student Information System
MU-101198,NET-SLOW,Yes,Network & Connectivity
MU-100718,LMS-LOGIN,No,Learning Management System
MU-103388,APP-PRINT-SW,Yes,Application Support
MU-100054,LMS-LOGIN,Yes,Learning Management System
MU-103716,SIS-REG,Yes,Student Information System
MU-103757,APP-INSTALL,No,Application Support
MU-103991,LMS-COURSE-MISSING,Yes,Learning Management System
MU-101369,ACC-NEW,Yes,Account & Access Management
MU-100643,ACC-PWD-RESET,No,Account & Access Management
MU-103960,SIS-TRANSCRIPT,No,Student Information System
MU-103974,LMS-COURSE-MISSING,Yes,Learning Management System
MU-103867,LMS-COURSE-MISSING,Yes,Learning Management System
MU-101683,EML-SEND-FAIL,No,Email & Collaboration
MU-100543,ACC-PWD-RESET,Yes,Account & Access Management
MU-100023,HW-PRINTER,Yes,Hardware & Equipment
MU-101997,NET-WIFI-NOCONN,Yes,Network & Connectivity
MU-101875,SIS-REG,No,Student Information System
MU-103224,NET-WIFI-NOCONN,Yes,Network & Connectivity
MU-100031,LMS-UPLOAD,Yes,Learning Management System
MU-103830,LMS-LOGIN,No,Learning Management System
MU-102223,HW-PRINTER,Yes,Hardware & Equipment
MU-104040,ACC-NEW,No,Account & Access Management
MU-100378,ACC-PWD-RESET,No,Account & Access Management
MU-101173,APP-INSTALL,No,Application Support
MU-103002,EML-MAILBOX-FULL,Yes,Email & Collaboration
MU-103869,ACC-NEW,Yes,Account & Access Management
MU-102222,SIS-FEE,No,Student Information System
MU-102155,SIS-REG,Yes,Student Information System
MU-102192,NET-SLOW,Yes,Network & Connectivity
MU-100609,SIS-FEE,Yes,Student Information System
MU-100542,NET-WIFI-NOCONN,Yes,Network & Connectivity
MU-100077,APP-PRINT-SW,Yes,Application Support
MU-101562,ACC-LOCKED,Yes,Account & Access Management
MU-102762,HW-PC-SLOW,Yes,Hardware & Equipment
MU-102301,SIS-FEE,No,Student Information System
MU-104545,ACC-LOCKED,Yes,Account & Access Management
MU-101151,ACC-LOCKED,No,Account & Access Management
MU-103826,APP-INSTALL,No,Application Support
MU-104097,ACC-LOCKED,Yes,Account & Access Management
MU-102989,HW-PRINTER,No,Hardware & Equipment
MU-102518,HW-PROJECTOR,Yes,Hardware & Equipment
MU-100921,ACC-PWD-RESET,No,Account & Access Management
MU-100317,ACC-PWD-RESET,Yes,Account & Access Management
MU-104648,HW-PROJECTOR,Yes,Hardware & Equipment
MU-104211,ACC-PWD-RESET,Yes,Account & Access Management
MU-104487,NET-SLOW,Yes,Network & Connectivity
MU-103179,LMS-LOGIN,No,Learning Management System
MU-102419,HW-PROJECTOR,No,Hardware & Equipment
MU-102145,SIS-FEE,No,Student Information System
MU-101162,EML-MAILBOX-FULL,Yes,Email & Collaboration
MU-103741,EML-SEND-FAIL,No,Email & Collaboration
MU-100909,ACC-PWD-RESET,Yes,Account & Access Management
MU-101637,HW-PERIPHERAL,No,Hardware & Equipment
MU-103968,ACC-NEW,Yes,Account & Access Management
MU-101356,ACC-NEW,No,Account & Access Management
MU-101587,LMS-UPLOAD,Yes,Learning Management System
MU-104153,SIS-FEE,No,Student Information System
MU-103703,EML-SEND-FAIL,No,Email & Collaboration
MU-101215,ACC-NEW,Yes,Account & Access Management
MU-102666,NET-SLOW,No,Network & Connectivity
MU-101701,SIS-REG,Yes,Student Information System
MU-102273,APP-ERP,Yes,Application Support
MU-101480,ACC-PWD-RESET,Yes,Account & Access Management
MU-103419,EML-SEND-FAIL,Yes,Email & Collaboration
MU-100336,EML-SEND-FAIL,No,Email & Collaboration
MU-104535,SIS-PORTAL-SLOW,Yes,Student Information System
MU-100724,ACC-PWD-RESET,Yes,Account & Access Management
MU-101096,LMS-LOGIN,No,Learning Management System
MU-104746,SIS-FEE,No,Student Information System
MU-103086,NET-WIFI-NOCONN,Yes,Network & Connectivity
MU-103518,ACC-PWD-RESET,No,Account & Access Management
MU-101137,HW-PROJECTOR,Yes,Hardware & Equipment
MU-103190,ACC-LOCKED,Yes,Account & Access Management
MU-102855,EML-SEND-FAIL,No,Email & Collaboration
MU-101093,NET-LAN-PORT,No,Network & Connectivity
MU-102413,SIS-REG,Yes,Student Information System
MU-103634,SIS-REG,Yes,Student Information System
MU-103427,ACC-LOCKED,Yes,Account & Access Management
MU-103704,HW-PC-NOBOOT,Yes,Hardware & Equipment
MU-102497,ACC-LOCKED,No,Account & Access Management
MU-104749,HW-PRINTER,Yes,Hardware & Equipment
MU-102825,HW-PRINTER,No,Hardware & Equipment
MU-101971,ACC-LOCKED,Yes,Account & Access Management
MU-104112,EML-MEETING,No,Email & Collaboration
MU-104134,ACC-PWD-RESET,Yes,Account & Access Management
MU-103585,ACC-PERMS,Yes,Account & Access Management
MU-100393,EML-SEND-FAIL,Yes,Email & Collaboration
MU-103993,SIS-TRANSCRIPT,Yes,Student Information System
MU-101115,EML-SEND-FAIL,Yes,Email & Collaboration
MU-100844,NET-SLOW,No,Network & Connectivity
MU-100917,NET-WIFI-NOCONN,Yes,Network & Connectivity
MU-102176,NET-WIFI-NOCONN,Yes,Network & Connectivity
MU-101654,APP-LICENCE,No,Application Support
MU-101615,LMS-LOGIN,Yes,Learning Management System
MU-102198,LMS-LOGIN,Yes,Learning Management System
MU-101371,HW-PROJECTOR,Yes,Hardware & Equipment
MU-100996,LMS-LOGIN,Yes,Learning Management System
MU-104489,ACC-NEW,Yes,Account & Access Management
MU-100886,ACC-PWD-RESET,Yes,Account & Access Management
MU-104013,ACC-NEW,Yes,Account & Access Management
MU-101456,SIS-FEE,No,Student Information System
MU-102438,APP-INSTALL,Yes,Application Support
MU-103780,SIS-FEE,Yes,Student Information System
MU-102077,APP-ERP,No,Application Support
MU-101090,ACC-LOCKED,Yes,Account & Access Management
MU-100401,NET-SLOW,No,Network & Connectivity
MU-102772,HW-PC-SLOW,Yes,Hardware & Equipment
MU-101479,SIS-REG,Yes,Student Information System
MU-102037,LMS-LOGIN,Yes,Learning Management System
MU-102423,APP-ERP,Yes,Application Support
MU-100638,APP-LICENCE,No,Application Support
MU-100796,NET-WIFI-NOCONN,No,Network & Connectivity
MU-104088,ACC-PWD-RESET,Yes,Account & Access Management
MU-104182,ACC-PWD-RESET,Yes,Account & Access Management
MU-101265,ACC-PWD-RESET,No,Account & Access Management
MU-102944,SIS-REG,Yes,Student Information System
MU-103831,ACC-PWD-RESET,No,Account & Access Management
MU-102430,NET-WIFI-NOCONN,No,Network & Connectivity
MU-103497,SIS-REG,Yes,Student Information System
MU-104886,NET-WIFI-NOCONN,Yes,Network & Connectivity
MU-101009,NET-WIFI-NOCONN,No,Network & Connectivity
MU-101805,LMS-COURSE-MISSING,No,Learning Management System
MU-100004,APP-LICENCE,No,Application Support
MU-104397,SIS-TRANSCRIPT,Yes,Student Information System
MU-104894,HW-PC-SLOW,Yes,Hardware & Equipment
MU-104108,EML-SEND-FAIL,Yes,Email & Collaboration
MU-104403,EML-SEND-FAIL,Yes,Email & Collaboration
MU-100690,LMS-LOGIN,No,Learning Management System
MU-103508,LMS-QUIZ,Yes,Learning Management System
MU-104076,EML-SEND-FAIL,Yes,Email & Collaboration
MU-100982,ACC-PWD-RESET,No,Account & Access Management
MU-100656,ACC-NEW,No,Account & Access Management
MU-103655,ACC-LOCKED,No,Account & Access Management
MU-103326,ACC-PWD-RESET,No,Account & Access Management
MU-100100,NET-WIFI-NOCONN,Yes,Network & Connectivity
MU-101042,LMS-COURSE-MISSING,Yes,Learning Management System
MU-100560,SIS-REG,Yes,Student Information System
MU-100476,EML-MAILBOX-FULL,No,Email & Collaboration
MU-100291,SIS-REG,Yes,Student Information System
MU-101918,ACC-PWD-RESET,Yes,Account & Access Management
MU-104612,HW-PC-NOBOOT,Yes,Hardware & Equipment
MU-103963,LMS-LOGIN,Yes,Learning Management System
MU-101600,LMS-LOGIN,No,Learning Management System
MU-100800,APP-ERP,Yes,Application Support
MU-101147,NET-WIFI-NOCONN,No,Network & Connectivity
MU-103044,HW-PRINTER,Yes,Hardware & Equipment
MU-102004,ACC-LOCKED,No,Account & Access Management
MU-103653,ACC-LOCKED,No,Account & Access Management
MU-104266,HW-PRINTER,No,Hardware & Equipment
MU-100783,NET-WIFI-NOCONN,No,Network & Connectivity
MU-100029,NET-SLOW,Yes,Network & Connectivity
MU-104661,APP-INSTALL,No,Application Support
MU-100186,EML-SEND-FAIL,No,Email & Collaboration
MU-103040,HW-PC-NOBOOT,Yes,Hardware & Equipment
MU-103089,EML-SEND-FAIL,Yes,Email & Collaboration
MU-100368,ACC-PERMS,Yes,Account & Access Management
MU-103580,NET-SLOW,No,Network & Connectivity
MU-104865,APP-INSTALL,Yes,Application Support
MU-100087,LMS-QUIZ,Yes,Learning Management System
MU-103995,APP-INSTALL,No,Application Support
MU-103641,LMS-UPLOAD,Yes,Learning Management System
MU-103816,HW-PROJECTOR,No,Hardware & Equipment
MU-102554,EML-MAILBOX-FULL,Yes,Email & Collaboration
MU-102737,NET-SLOW,Yes,Network & Connectivity
MU-103948,EML-SEND-FAIL,Yes,Email & Collaboration
MU-102647,HW-PRINTER,Yes,Hardware & Equipment
MU-103335,SIS-TRANSCRIPT,Yes,Student Information System
MU-101210,NET-SLOW,Yes,Network & Connectivity
MU-101206,EML-SEND-FAIL,Yes,Email & Collaboration
MU-100498,HW-PRINTER,Yes,Hardware & Equipment
MU-104523,EML-SEND-FAIL,Yes,Email & Collaboration
MU-102516,ACC-PWD-RESET,No,Account & Access Management
MU-104196,NET-LAN-PORT,Yes,Network & Connectivity
MU-100016,SIS-PORTAL-SLOW,Yes,Student Information System
MU-100533,LMS-LOGIN,No,Learning Management System
MU-102364,ACC-LOCKED,No,Account & Access Management
MU-103122,SIS-REG,Yes,Student Information System
MU-102864,ACC-LOCKED,Yes,Account & Access Management
MU-102177,NET-WIFI-NOCONN,No,Network & Connectivity
MU-104156,NET-WIFI-NOCONN,Yes,Network & Connectivity
MU-101459,ACC-LOCKED,Yes,Account & Access Management
MU-100845,ACC-PWD-RESET,Yes,Account & Access Management
MU-103942,NET-WIFI-NOCONN,Yes,Network & Connectivity
MU-103488,ACC-PWD-RESET,Yes,Account & Access Management
MU-100443,HW-PRINTER,No,Hardware & Equipment
MU-103532,SIS-FEE,Yes,Student Information System
MU-102755,ACC-LOCKED,Yes,Account & Access Management
MU-103918,NET-WIFI-NOCONN,Yes,Network & Connectivity
MU-100265,LMS-QUIZ,No,Learning Management System
MU-102555,NET-VPN,Yes,Network & Connectivity
MU-101439,SIS-PORTAL-SLOW,No,Student Information System
MU-100479,EML-SEND-FAIL,Yes,Email & Collaboration
MU-101400,SIS-PORTAL-SLOW,Yes,Student Information System
MU-103801,LMS-LOGIN,Yes,Learning Management System
MU-104098,NET-WIFI-NOCONN,No,Network & Connectivity
MU-100365,ACC-LOCKED,Yes,Account & Access Management
MU-101705,APP-INSTALL,Yes,Application Support
MU-103152,ACC-PWD-RESET,No,Account & Access Management
MU-103331,HW-PC-SLOW,Yes,Hardware & Equipment
MU-101630,SIS-TRANSCRIPT,No,Student Information System
MU-100179,SIS-TRANSCRIPT,Yes,Student Information System
MU-104291,ACC-PWD-RESET,Yes,Account & Access Management
MU-103251,NET-SLOW,No,Network & Connectivity
MU-104056,APP-PRINT-SW,Yes,Application Support
MU-102557,EML-MEETING,No,Email & Collaboration
MU-100510,APP-INSTALL,No,Application Support
MU-104623,SIS-REG,Yes,Student Information System
MU-101144,NET-WIFI-NOCONN,No,Network & Connectivity
MU-104562,SIS-TRANSCRIPT,No,Student Information System
MU-104468,APP-INSTALL,Yes,Application Support
MU-100914,HW-PC-NOBOOT,No,Hardware & Equipment
MU-103391,ACC-PWD-RESET,No,Account & Access Management
MU-104737,NET-SLOW,Yes,Network & Connectivity
MU-100222,ACC-PWD-RESET,Yes,Account & Access Management
MU-101448,EML-MAILBOX-FULL,Yes,Email & Collaboration
MU-100240,LMS-LOGIN,Yes,Learning Management System
MU-102138,ACC-PWD-RESET,Yes,Account & Access Management
MU-101499,NET-WIFI-NOCONN,Yes,Network & Connectivity
MU-102434,APP-INSTALL,No,Application Support
MU-100266,APP-INSTALL,No,Application Support
MU-102209,NET-LAN-PORT,No,Network & Connectivity
MU-104541,EML-SEND-FAIL,No,Email & Collaboration
MU-103607,EML-MAILBOX-FULL,No,Email & Collaboration
MU-100720,SIS-TRANSCRIPT,Yes,Student Information System
MU-101046,NET-LAN-PORT,No,Network & Connectivity
MU-103623,ACC-PWD-RESET,No,Account & Access Management
MU-101036,NET-SLOW,No,Network & Connectivity
MU-101064,NET-WIFI-NOCONN,Yes,Network & Connectivity
MU-103882,LMS-LOGIN,Yes,Learning Management System
MU-103117,ACC-NEW,Yes,Account & Access Management
MU-102259,NET-SLOW,Yes,Network & Connectivity
MU-102240,HW-PC-SLOW,Yes,Hardware & Equipment
MU-103762,HW-PRINTER,Yes,Hardware & Equipment
MU-101710,SIS-PORTAL-SLOW,Yes,Student Information System
MU-104470,SIS-FEE,Yes,Student Information System
MU-101073,EML-SEND-FAIL,No,Email & Collaboration
MU-103262,NET-SLOW,Yes,Network & Connectivity
MU-100154,ACC-LOCKED,No,Account & Access Management
MU-103166,LMS-UPLOAD,No,Learning Management System
MU-103242,HW-PRINTER,Yes,Hardware & Equipment
MU-101560,NET-WIFI-NOCONN,Yes,Network & Connectivity
MU-102999,EML-SEND-FAIL,Yes,Email & Collaboration
MU-102780,SIS-REG,Yes,Student Information System
MU-100462,APP-ERP,Yes,Application Support
MU-104337,LMS-UPLOAD,Yes,Learning Management System
MU-102103,ACC-NEW,Yes,Account & Access Management
MU-102068,SIS-REG,No,Student Information System
MU-104724,ACC-PWD-RESET,No,Account & Access Management
MU-103325,ACC-LOCKED,Yes,Account & Access Management
MU-102367,LMS-LOGIN,Yes,Learning Management System
MU-100664,ACC-PWD-RESET,No,Account & Access Management
MU-100513,APP-INSTALL,No,Application Support
MU-104754,NET-WIFI-NOCONN,No,Network & Connectivity
MU-104486,LMS-LOGIN,No,Learning Management System
MU-100685,HW-PC-NOBOOT,Yes,Hardware & Equipment
MU-104727,HW-PC-NOBOOT,Yes,Hardware & Equipment
MU-103357,LMS-COURSE-MISSING,Yes,Learning Management System
MU-100753,EML-MEETING,Yes,Email & Collaboration
MU-101057,ACC-NEW,Yes,Account & Access Management
MU-102164,APP-INSTALL,Yes,Application Support
MU-102294,NET-VPN,No,Network & Connectivity
MU-103856,HW-PROJECTOR,No,Hardware & Equipment
MU-103860,HW-PRINTER,Yes,Hardware & Equipment
MU-102465,LMS-COURSE-MISSING,No,Learning Management System
MU-100990,HW-PC-SLOW,Yes,Hardware & Equipment
MU-104490,SIS-REG,No,Student Information System
MU-104004,ACC-LOCKED,No,Account & Access Management
MU-104493,SIS-REG,No,Student Information System
MU-104425,SIS-REG,Yes,Student Information System
MU-101575,ACC-NEW,Yes,Account & Access Management
MU-103845,LMS-COURSE-MISSING,No,Learning Management System
MU-103014,LMS-LOGIN,No,Learning Management System
MU-103403,ACC-PWD-RESET,No,Account & Access Management
MU-104789,ACC-PERMS,Yes,Account & Access Management
MU-103697,NET-SLOW,No,Network & Connectivity
MU-102343,SIS-TRANSCRIPT,Yes,Student Information System
MU-101111,LMS-LOGIN,Yes,Learning Management System
MU-101372,NET-SLOW,Yes,Network & Connectivity
MU-104459,ACC-PWD-RESET,Yes,Account & Access Management
MU-102671,ACC-LOCKED,No,Account & Access Management
MU-103994,SIS-TRANSCRIPT,No,Student Information System
MU-102174,SIS-PORTAL-SLOW,Yes,Student Information System
MU-100290,HW-PRINTER,No,Hardware & Equipment
MU-104540,EML-MEETING,No,Email & Collaboration
MU-101306,NET-VPN,Yes,Network & Connectivity
MU-101965,LMS-COURSE-MISSING,No,Learning Management System
MU-100298,APP-INSTALL,No,Application Support
MU-101849,APP-ERP,No,Application Support
MU-103619,SIS-TRANSCRIPT,No,Student Information System
MU-104853,HW-PC-NOBOOT,Yes,Hardware & Equipment
MU-104373,HW-PROJECTOR,Yes,Hardware & Equipment
MU-103605,LMS-COURSE-MISSING,Yes,Learning Management System
MU-104154,APP-ERP,No,Application Support
MU-104094,ACC-LOCKED,No,Account & Access Management
MU-101492,SIS-REG,Yes,Student Information System
MU-103553,NET-LAN-PORT,No,Network & Connectivity
MU-102736,APP-INSTALL,Yes,Application Support
MU-102487,LMS-UPLOAD,Yes,Learning Management System
MU-102637,ACC-PWD-RESET,Yes,Account & Access Management
MU-100578,ACC-PWD-RESET,Yes,Account & Access Management
MU-101662,NET-VPN,No,Network & Connectivity
MU-103487,HW-PC-SLOW,No,Hardware & Equipment
MU-100610,HW-PC-SLOW,No,Hardware & Equipment
MU-102452,ACC-PWD-RESET,No,Account & Access Management
MU-101336,EML-MAILBOX-FULL,Yes,Email & Collaboration
MU-102239,NET-VPN,Yes,Network & Connectivity
MU-102110,ACC-PWD-RESET,Yes,Account & Access Management
MU-102821,EML-SEND-FAIL,Yes,Email & Collaboration
MU-104041,APP-PRINT-SW,No,Application Support
MU-102071,NET-VPN,Yes,Network & Connectivity
MU-104336,EML-MEETING,No,Email & Collaboration
MU-102338,SIS-REG,Yes,Student Information System
MU-104892,ACC-NEW,Yes,Account & Access Management
MU-101310,SIS-TRANSCRIPT,Yes,Student Information System
MU-104431,HW-PC-NOBOOT,No,Hardware & Equipment
MU-102890,ACC-PWD-RESET,Yes,Account & Access Management
MU-103542,NET-LAN-PORT,Yes,Network & Connectivity
MU-100438,APP-LICENCE,No,Application Support
MU-101505,LMS-UPLOAD,No,Learning Management System
MU-103969,NET-LAN-PORT,Yes,Network & Connectivity
MU-102490,APP-INSTALL,No,Application Support
MU-102306,ACC-PWD-RESET,No,Account & Access Management
MU-104160,NET-SLOW,Yes,Network & Connectivity
MU-103275,EML-SEND-FAIL,Yes,Email & Collaboration
MU-104330,APP-LICENCE,Yes,Application Support
MU-101415,ACC-PERMS,Yes,Account & Access Management
MU-103311,ACC-PWD-RESET,Yes,Account & Access Management
MU-100922,ACC-PWD-RESET,Yes,Account & Access Management
MU-100745,SIS-REG,Yes,Student Information System
MU-104883,NET-WIFI-NOCONN,Yes,Network & Connectivity
MU-103900,SIS-FEE,No,Student Information System
MU-102295,NET-VPN,Yes,Network & Connectivity
MU-104524,HW-PC-NOBOOT,No,Hardware & Equipment
MU-101119,APP-INSTALL,No,Application Support
MU-102927,ACC-NEW,Yes,Account & Access Management
MU-100024,ACC-PWD-RESET,Yes,Account & Access Management
MU-103147,LMS-LOGIN,No,Learning Management System
MU-104743,NET-WIFI-NOCONN,Yes,Network & Connectivity
MU-104137,SIS-FEE,No,Student Information System
MU-104464,LMS-UPLOAD,No,Learning Management System
MU-102912,NET-WIFI-NOCONN,Yes,Network & Connectivity
MU-104666,SIS-FEE,No,Student Information System
MU-102447,SIS-FEE,No,Student Information System
MU-100659,ACC-PWD-RESET,Yes,Account & Access Management
MU-103763,LMS-UPLOAD,No,Learning Management System
MU-103465,ACC-PWD-RESET,No,Account & Access Management
MU-100412,ACC-PWD-RESET,Yes,Account & Access Management
MU-104845,SIS-FEE,Yes,Student Information System
MU-100736,APP-PRINT-SW,Yes,Application Support
MU-100026,ACC-PWD-RESET,Yes,Account & Access Management
MU-100928,SIS-FEE,No,Student Information System
MU-101012,ACC-LOCKED,No,Account & Access Management
MU-104099,APP-PRINT-SW,Yes,Application Support
MU-102527,NET-WIFI-NOCONN,No,Network & Connectivity
MU-102905,SIS-FEE,Yes,Student Information System
MU-101408,EML-MEETING,Yes,Email & Collaboration
MU-104697,EML-MEETING,Yes,Email & Collaboration
MU-104536,NET-WIFI-NOCONN,Yes,Network & Connectivity
MU-101217,NET-SLOW,Yes,Network & Connectivity
MU-101827,APP-INSTALL,No,Application Support
MU-101973,HW-PC-NOBOOT,Yes,Hardware & Equipment
MU-104700,HW-PRINTER,Yes,Hardware & Equipment
MU-100864,NET-SLOW,Yes,Network & Connectivity
MU-100216,HW-PC-SLOW,No,Hardware & Equipment
MU-102981,NET-VPN,Yes,Network & Connectivity
MU-103489,ACC-PWD-RESET,Yes,Account & Access Management
MU-104174,HW-PC-NOBOOT,No,Hardware & Equipment
MU-103176,APP-INSTALL,Yes,Application Support
MU-102287,ACC-PWD-RESET,Yes,Account & Access Management
MU-101390,EML-MAILBOX-FULL,No,Email & Collaboration
MU-102578,NET-WIFI-NOCONN,No,Network & Connectivity
MU-104247,LMS-QUIZ,Yes,Learning Management System
MU-104150,EML-SEND-FAIL,No,Email & Collaboration
MU-101520,APP-ERP,No,Application Support
MU-104409,LMS-COURSE-MISSING,Yes,Learning Management System
MU-104890,LMS-COURSE-MISSING,No,Learning Management System
MU-102853,NET-WIFI-NOCONN,Yes,Network & Connectivity
MU-103323,SIS-REG,No,Student Information System
MU-102530,NET-WIFI-NOCONN,Yes,Network & Connectivity
MU-103615,APP-ERP,Yes,Application Support
MU-101510,NET-WIFI-NOCONN,No,Network & Connectivity
MU-102535,HW-PRINTER,No,Hardware & Equipment
MU-102910,APP-INSTALL,Yes,Application Support
MU-104763,HW-PRINTER,Yes,Hardware & Equipment
MU-102957,NET-WIFI-NOCONN,Yes,Network & Connectivity
MU-101558,EML-SEND-FAIL,Yes,Email & Collaboration
MU-101620,LMS-QUIZ,No,Learning Management System
MU-102549,LMS-LOGIN,Yes,Learning Management System
MU-103482,SIS-TRANSCRIPT,No,Student Information System
MU-103327,HW-PRINTER,Yes,Hardware & Equipment
MU-101868,LMS-UPLOAD,Yes,Learning Management System
MU-102298,LMS-COURSE-MISSING,Yes,Learning Management System
MU-104379,EML-MAILBOX-FULL,No,Email & Collaboration
MU-102897,LMS-COURSE-MISSING,No,Learning Management System
MU-103976,SIS-FEE,No,Student Information System
MU-101191,EML-SEND-FAIL,Yes,Email & Collaboration
MU-101121,NET-SLOW,Yes,Network & Connectivity
MU-100930,HW-PC-NOBOOT,Yes,Hardware & Equipment
MU-104786,NET-WIFI-NOCONN,Yes,Network & Connectivity
MU-102522,ACC-PERMS,Yes,Account & Access Management
MU-103269,HW-PRINTER,No,Hardware & Equipment
MU-102013,HW-PROJECTOR,No,Hardware & Equipment
MU-101255,NET-LAN-PORT,Yes,Network & Connectivity
MU-101993,NET-WIFI-NOCONN,No,Network & Connectivity
MU-104757,SIS-PORTAL-SLOW,Yes,Student Information System
MU-101909,ACC-LOCKED,No,Account & Access Management
MU-100729,APP-LICENCE,Yes,Application Support
MU-104713,SIS-FEE,No,Student Information System
MU-102613,ACC-NEW,No,Account & Access Management
MU-102642,APP-PRINT-SW,No,Application Support
MU-102768,ACC-PWD-RESET,Yes,Account & Access Management
MU-104319,LMS-UPLOAD,No,Learning Management System
MU-102638,NET-WIFI-NOCONN,No,Network & Connectivity
MU-103338,HW-PC-NOBOOT,No,Hardware & Equipment
MU-103474,HW-PERIPHERAL,Yes,Hardware & Equipment
MU-100812,NET-WIFI-NOCONN,Yes,Network & Connectivity
MU-103356,APP-INSTALL,No,Application Support
MU-100296,LMS-UPLOAD,Yes,Learning Management System
MU-102720,LMS-COURSE-MISSING,Yes,Learning Management System
MU-102012,SIS-PORTAL-SLOW,Yes,Student Information System
MU-101163,NET-LAN-PORT,Yes,Network & Connectivity
MU-104234,ACC-PWD-RESET,No,Account & Access Management
MU-104404,SIS-REG,No,Student Information System
MU-104699,ACC-PWD-RESET,No,Account & Access Management
MU-104102,ACC-LOCKED,No,Account & Access Management
MU-101528,NET-VPN,Yes,Network & Connectivity
MU-102702,SIS-PORTAL-SLOW,Yes,Student Information System
MU-100337,EML-SEND-FAIL,No,Email & Collaboration
MU-102582,SIS-FEE,Yes,Student Information System
MU-103513,SIS-FEE,Yes,Student Information System
MU-104243,SIS-TRANSCRIPT,Yes,Student Information System
MU-103149,NET-SLOW,Yes,Network & Connectivity
MU-102282,SIS-FEE,Yes,Student Information System
MU-100163,EML-MAILBOX-FULL,No,Email & Collaboration
MU-101227,EML-MEETING,No,Email & Collaboration
MU-100891,SIS-REG,No,Student Information System
MU-103628,APP-PRINT-SW,No,Application Support
MU-104567,SIS-FEE,Yes,Student Information System
MU-104347,ACC-PWD-RESET,Yes,Account & Access Management
MU-102088,SIS-REG,Yes,Student Information System
MU-103838,NET-WIFI-NOCONN,Yes,Network & Connectivity
MU-100657,HW-PRINTER,No,Hardware & Equipment
MU-100992,SIS-FEE,Yes,Student Information System
MU-102162,NET-WIFI-NOCONN,No,Network & Connectivity
MU-102693,ACC-PERMS,Yes,Account & Access Management
MU-101856,SIS-FEE,Yes,Student Information System
MU-101129,LMS-COURSE-MISSING,Yes,Learning Management System
MU-100655,SIS-FEE,No,Student Information System
MU-102881,LMS-LOGIN,Yes,Learning Management System
MU-104270,HW-PC-NOBOOT,No,Hardware & Equipment
MU-101871,ACC-PERMS,No,Account & Access Management
MU-104151,NET-WIFI-NOCONN,No,Network & Connectivity
MU-101289,ACC-PWD-RESET,Yes,Account & Access Management
MU-101351,SIS-REG,No,Student Information System
MU-104559,SIS-PORTAL-SLOW,Yes,Student Information System
MU-103011,SIS-TRANSCRIPT,Yes,Student Information System
MU-100574,LMS-LOGIN,Yes,Learning Management System
MU-101166,NET-LAN-PORT,Yes,Network & Connectivity
MU-104738,NET-WIFI-NOCONN,Yes,Network & Connectivity
MU-104639,LMS-QUIZ,Yes,Learning Management System
MU-103541,ACC-LOCKED,Yes,Account & Access Management
MU-101830,HW-PC-NOBOOT,Yes,Hardware & Equipment
MU-103927,LMS-LOGIN,No,Learning Management System
MU-100460,SIS-REG,Yes,Student Information System
MU-102161,EML-MAILBOX-FULL,Yes,Email & Collaboration
MU-100671,SIS-TRANSCRIPT,No,Student Information System
MU-101086,NET-VPN,Yes,Network & Connectivity
MU-101755,HW-PRINTER,No,Hardware & Equipment
MU-104802,ACC-PERMS,Yes,Account & Access Management
MU-102372,HW-PC-NOBOOT,Yes,Hardware & Equipment
MU-103893,NET-WIFI-NOCONN,No,Network & Connectivity
MU-102670,HW-PC-NOBOOT,No,Hardware & Equipment
MU-103573,HW-PERIPHERAL,Yes,Hardware & Equipment
MU-103618,APP-INSTALL,Yes,Application Support
MU-101618,SIS-FEE,Yes,Student Information System
MU-101187,SIS-REG,Yes,Student Information System
MU-102224,APP-INSTALL,Yes,Application Support
MU-102870,ACC-PWD-RESET,No,Account & Access Management
MU-100842,HW-PRINTER,No,Hardware & Equipment
MU-100418,ACC-PWD-RESET,No,Account & Access Management
MU-103515,APP-INSTALL,No,Application Support
MU-100902,SIS-FEE,No,Student Information System
MU-104513,ACC-PWD-RESET,Yes,Account & Access Management
MU-104314,LMS-COURSE-MISSING,No,Learning Management System
MU-103530,APP-LICENCE,No,Application Support
MU-101969,SIS-FEE,Yes,Student Information System
MU-104601,NET-WIFI-NOCONN,No,Network & Connectivity
MU-100289,HW-PC-NOBOOT,Yes,Hardware & Equipment
MU-101192,EML-MEETING,No,Email & Collaboration
MU-102235,NET-SLOW,No,Network & Connectivity
MU-103007,ACC-PWD-RESET,Yes,Account & Access Management
MU-100447,SIS-TRANSCRIPT,Yes,Student Information System
MU-102714,HW-PROJECTOR,No,Hardware & Equipment
MU-103916,ACC-NEW,No,Account & Access Management
MU-104401,LMS-QUIZ,Yes,Learning Management System
MU-100509,SIS-PORTAL-SLOW,Yes,Student Information System
MU-100308,LMS-LOGIN,Yes,Learning Management System
MU-104430,HW-PERIPHERAL,Yes,Hardware & Equipment
MU-103116,SIS-FEE,Yes,Student Information System
MU-101540,NET-WIFI-NOCONN,Yes,Network & Connectivity
MU-104026,ACC-LOCKED,Yes,Account & Access Management
MU-103682,ACC-NEW,Yes,Account & Access Management
MU-102218,NET-VPN,No,Network & Connectivity
MU-103015,LMS-COURSE-MISSING,No,Learning Management System
MU-102304,APP-ERP,No,Application Support
MU-100627,NET-LAN-PORT,Yes,Network & Connectivity
MU-102481,APP-INSTALL,No,Application Support
MU-103988,HW-PC-SLOW,Yes,Hardware & Equipment
MU-103782,ACC-LOCKED,Yes,Account & Access Management
MU-100484,EML-MEETING,Yes,Email & Collaboration
MU-102617,ACC-PERMS,No,Account & Access Management
MU-102723,EML-MEETING,No,Email & Collaboration
MU-101975,NET-WIFI-NOCONN,Yes,Network & Connectivity
MU-103085,LMS-LOGIN,No,Learning Management System
MU-101823,EML-MAILBOX-FULL,Yes,Email & Collaboration
MU-103671,SIS-FEE,No,Student Information System
MU-103736,LMS-QUIZ,Yes,Learning Management System
MU-100416,HW-PERIPHERAL,Yes,Hardware & Equipment
MU-102128,NET-WIFI-NOCONN,No,Network & Connectivity
MU-101692,EML-MEETING,No,Email & Collaboration
MU-100968,SIS-FEE,Yes,Student Information System
MU-104531,ACC-NEW,Yes,Account & Access Management
MU-103127,HW-PRINTER,Yes,Hardware & Equipment
MU-102787,ACC-PERMS,No,Account & Access Management
MU-101977,SIS-FEE,Yes,Student Information System
MU-101051,APP-INSTALL,Yes,Application Support
MU-100021,APP-INSTALL,Yes,Application Support
MU-104351,LMS-QUIZ,Yes,Learning Management System
MU-100201,HW-PC-NOBOOT,No,Hardware & Equipment
MU-102210,ACC-PWD-RESET,No,Account & Access Management
MU-102777,APP-PRINT-SW,Yes,Application Support
MU-100520,SIS-PORTAL-SLOW,Yes,Student Information System
MU-100327,LMS-LOGIN,Yes,Learning Management System
MU-101819,SIS-TRANSCRIPT,Yes,Student Information System
MU-101189,ACC-LOCKED,Yes,Account & Access Management
MU-101389,EML-MAILBOX-FULL,Yes,Email & Collaboration
MU-100407,LMS-LOGIN,Yes,Learning Management System
MU-102545,LMS-LOGIN,No,Learning Management System
MU-104614,HW-PC-SLOW,Yes,Hardware & Equipment
MU-100505,LMS-COURSE-MISSING,No,Learning Management System
MU-100779,NET-WIFI-NOCONN,Yes,Network & Connectivity
MU-103952,LMS-UPLOAD,No,Learning Management System
MU-100102,NET-SLOW,Yes,Network & Connectivity
MU-101886,HW-PROJECTOR,No,Hardware & Equipment
MU-100581,SIS-TRANSCRIPT,Yes,Student Information System
MU-100099,HW-PROJECTOR,Yes,Hardware & Equipment
MU-101555,ACC-PWD-RESET,Yes,Account & Access Management
MU-103241,NET-WIFI-NOCONN,Yes,Network & Connectivity
MU-102165,ACC-PWD-RESET,Yes,Account & Access Management
MU-100822,SIS-PORTAL-SLOW,Yes,Student Information System
MU-100989,ACC-PWD-RESET,No,Account & Access Management
MU-104652,SIS-PORTAL-SLOW,Yes,Student Information System
MU-102689,EML-MEETING,No,Email & Collaboration
MU-103998,ACC-NEW,Yes,Account & Access Management
MU-103075,LMS-COURSE-MISSING,No,Learning Management System
MU-104033,SIS-FEE,Yes,Student Information System
MU-103874,SIS-FEE,No,Student Information System
MU-102885,EML-MAILBOX-FULL,Yes,Email & Collaboration
MU-102133,LMS-COURSE-MISSING,Yes,Learning Management System
MU-102112,NET-LAN-PORT,No,Network & Connectivity
MU-104835,ACC-LOCKED,Yes,Account & Access Management
MU-104447,ACC-PWD-RESET,Yes,Account & Access Management
MU-100053,ACC-LOCKED,Yes,Account & Access Management
MU-101732,NET-WIFI-NOCONN,Yes,Network & Connectivity
MU-101955,HW-PRINTER,Yes,Hardware & Equipment
MU-101734,APP-PRINT-SW,Yes,Application Support
MU-101915,EML-SEND-FAIL,No,Email & Collaboration
MU-103366,NET-SLOW,Yes,Network & Connectivity
MU-100945,NET-WIFI-NOCONN,No,Network & Connectivity
MU-102207,APP-INSTALL,No,Application Support
MU-103426,NET-SLOW,No,Network & Connectivity
MU-102109,APP-ERP,Yes,Application Support
MU-104691,HW-PRINTER,No,Hardware & Equipment
MU-100577,NET-WIFI-NOCONN,Yes,Network & Connectivity
MU-103579,APP-PRINT-SW,Yes,Application Support
MU-100232,HW-PC-SLOW,No,Hardware & Equipment
MU-101914,LMS-LOGIN,Yes,Learning Management System
MU-102136,LMS-UPLOAD,No,Learning Management System
MU-104437,APP-INSTALL,No,Application Support
MU-103857,SIS-REG,No,Student Information System
MU-102309,APP-ERP,Yes,Application Support
MU-103793,NET-SLOW,Yes,Network & Connectivity
MU-102691,ACC-PWD-RESET,No,Account & Access Management
MU-100340,ACC-PWD-RESET,No,Account & Access Management
MU-100630,EML-MEETING,Yes,Email & Collaboration
MU-103865,HW-PC-SLOW,No,Hardware & Equipment
MU-100035,HW-PROJECTOR,Yes,Hardware & Equipment
MU-104106,LMS-COURSE-MISSING,Yes,Learning Management System
MU-104305,HW-PROJECTOR,No,Hardware & Equipment
MU-100202,EML-SEND-FAIL,Yes,Email & Collaboration
MU-102698,NET-LAN-PORT,No,Network & Connectivity
MU-100769,ACC-PERMS,Yes,Account & Access Management
MU-102429,SIS-REG,Yes,Student Information System
MU-103227,NET-WIFI-NOCONN,Yes,Network & Connectivity
MU-101595,ACC-PWD-RESET,Yes,Account & Access Management
MU-104047,ACC-PWD-RESET,Yes,Account & Access Management
MU-104494,ACC-LOCKED,Yes,Account & Access Management
MU-101442,ACC-PWD-RESET,Yes,Account & Access Management
MU-102020,EML-SEND-FAIL,No,Email & Collaboration
MU-101314,ACC-PWD-RESET,Yes,Account & Access Management
MU-100748,EML-SEND-FAIL,Yes,Email & Collaboration
MU-100025,EML-MEETING,No,Email & Collaboration
MU-102102,ACC-LOCKED,Yes,Account & Access Management
MU-103739,SIS-REG,No,Student Information System
MU-101267,SIS-PORTAL-SLOW,Yes,Student Information System
MU-101841,LMS-UPLOAD,No,Learning Management System
MU-100185,LMS-LOGIN,Yes,Learning Management System
MU-103606,LMS-LOGIN,Yes,Learning Management System
MU-102635,NET-VPN,Yes,Network & Connectivity
MU-102380,EML-MEETING,Yes,Email & Collaboration
MU-100069,APP-INSTALL,No,Application Support
MU-100770,SIS-REG,Yes,Student Information System
MU-102257,SIS-FEE,Yes,Student Information System
MU-104287,EML-SEND-FAIL,Yes,Email & Collaboration
MU-100516,ACC-PERMS,No,Account & Access Management
MU-100507,LMS-UPLOAD,No,Learning Management System
MU-103313,LMS-QUIZ,Yes,Learning Management System
MU-100341,EML-MAILBOX-FULL,Yes,Email & Collaboration
MU-103803,NET-WIFI-NOCONN,Yes,Network & Connectivity
MU-100611,LMS-UPLOAD,No,Learning Management System
MU-102152,APP-ERP,Yes,Application Support
MU-102234,HW-PROJECTOR,Yes,Hardware & Equipment
MU-101762,LMS-UPLOAD,Yes,Learning Management System
MU-104138,ACC-PWD-RESET,No,Account & Access Management
MU-103285,APP-INSTALL,Yes,Application Support
MU-100157,ACC-PWD-RESET,Yes,Account & Access Management
MU-100098,ACC-PWD-RESET,Yes,Account & Access Management
MU-103498,NET-WIFI-NOCONN,No,Network & Connectivity
MU-103243,ACC-LOCKED,No,Account & Access Management
MU-101133,SIS-FEE,Yes,Student Information System
MU-101880,LMS-LOGIN,Yes,Learning Management System
MU-102376,LMS-UPLOAD,Yes,Learning Management System
MU-103432,NET-WIFI-NOCONN,Yes,Network & Connectivity
MU-101687,HW-PRINTER,No,Hardware & Equipment
MU-103079,ACC-NEW,Yes,Account & Access Management
MU-100524,NET-WIFI-NOCONN,Yes,Network & Connectivity
MU-100580,LMS-UPLOAD,No,Learning Management System
MU-102793,NET-WIFI-NOCONN,Yes,Network & Connectivity
MU-103168,ACC-LOCKED,No,Account & Access Management
MU-103289,HW-PROJECTOR,Yes,Hardware & Equipment
MU-104103,SIS-PORTAL-SLOW,No,Student Information System
MU-103899,ACC-LOCKED,Yes,Account & Access Management
MU-103033,HW-PRINTER,No,Hardware & Equipment
MU-104136,SIS-TRANSCRIPT,Yes,Student Information System
MU-102976,EML-SEND-FAIL,Yes,Email & Collaboration
MU-104762,NET-WIFI-NOCONN,Yes,Network & Connectivity
MU-103244,LMS-COURSE-MISSING,Yes,Learning Management System
MU-102759,NET-SLOW,Yes,Network & Connectivity
MU-100137,SIS-FEE,Yes,Student Information System
MU-104615,ACC-PWD-RESET,No,Account & Access Management
MU-104467,SIS-FEE,No,Student Information System
MU-101334,HW-PRINTER,Yes,Hardware & Equipment
MU-104855,SIS-TRANSCRIPT,Yes,Student Information System
MU-101418,SIS-TRANSCRIPT,No,Student Information System
MU-104642,LMS-UPLOAD,No,Learning Management System
MU-100355,HW-PC-NOBOOT,No,Hardware & Equipment
MU-103819,EML-SEND-FAIL,No,Email & Collaboration
MU-102153,SIS-FEE,No,Student Information System
MU-102186,NET-LAN-PORT,Yes,Network & Connectivity
MU-104385,HW-PC-SLOW,Yes,Hardware & Equipment
MU-101443,SIS-REG,No,Student Information System
MU-101580,SIS-PORTAL-SLOW,No,Student Information System
MU-102492,NET-LAN-PORT,Yes,Network & Connectivity
MU-100951,LMS-LOGIN,No,Learning Management System
MU-103520,APP-LICENCE,Yes,Application Support
MU-101513,ACC-PWD-RESET,Yes,Account & Access Management
MU-104313,LMS-QUIZ,No,Learning Management System
MU-101237,ACC-NEW,Yes,Account & Access Management
MU-104274,SIS-PORTAL-SLOW,No,Student Information System
MU-103547,HW-PC-NOBOOT,Yes,Hardware & Equipment
MU-101016,EML-MEETING,No,Email & Collaboration
MU-100211,HW-PC-NOBOOT,No,Hardware & Equipment
MU-103910,HW-PC-SLOW,Yes,Hardware & Equipment
MU-101304,ACC-PWD-RESET,Yes,Account & Access Management
MU-102561,ACC-NEW,No,Account & Access Management
MU-104715,ACC-PWD-RESET,No,Account & Access Management
MU-101201,NET-LAN-PORT,Yes,Network & Connectivity
MU-102747,LMS-QUIZ,Yes,Learning Management System
MU-101822,ACC-PWD-RESET,No,Account & Access Management
MU-101218,NET-WIFI-NOCONN,No,Network & Connectivity
MU-100888,HW-PRINTER,No,Hardware & Equipment
MU-102749,NET-LAN-PORT,No,Network & Connectivity
MU-100512,ACC-PWD-RESET,Yes,Account & Access Management
MU-103755,APP-PRINT-SW,No,Application Support
MU-102099,HW-PRINTER,Yes,Hardware & Equipment
MU-103598,NET-WIFI-NOCONN,Yes,Network & Connectivity
MU-104265,ACC-PERMS,Yes,Account & Access Management
MU-102137,SIS-TRANSCRIPT,No,Student Information System
MU-103795,ACC-PWD-RESET,Yes,Account & Access Management
MU-103165,APP-INSTALL,Yes,Application Support
MU-100028,SIS-PORTAL-SLOW,Yes,Student Information System
MU-102396,EML-MEETING,Yes,Email & Collaboration
MU-100772,ACC-PERMS,Yes,Account & Access Management
MU-102739,HW-PC-NOBOOT,Yes,Hardware & Equipment
MU-102491,HW-PC-NOBOOT,Yes,Hardware & Equipment
MU-103588,LMS-COURSE-MISSING,No,Learning Management System
MU-102114,ACC-PERMS,No,Account & Access Management
MU-100827,LMS-COURSE-MISSING,No,Learning Management System
MU-104525,SIS-REG,Yes,Student Information System
MU-101921,LMS-LOGIN,No,Learning Management System
MU-104123,NET-WIFI-NOCONN,Yes,Network & Connectivity
MU-100998,HW-PRINTER,No,Hardware & Equipment
MU-101344,NET-SLOW,Yes,Network & Connectivity
MU-104707,SIS-TRANSCRIPT,Yes,Student Information System
MU-103397,APP-LICENCE,Yes,Application Support
MU-102208,ACC-NEW,Yes,Account & Access Management
MU-104676,SIS-FEE,Yes,Student Information System
MU-102715,ACC-PWD-RESET,Yes,Account & Access Management
MU-100774,ACC-PWD-RESET,No,Account & Access Management
MU-104400,EML-SEND-FAIL,Yes,Email & Collaboration
MU-104179,NET-SLOW,Yes,Network & Connectivity
MU-104669,NET-WIFI-NOCONN,Yes,Network & Connectivity
MU-104768,LMS-UPLOAD,Yes,Learning Management System
MU-104301,ACC-PWD-RESET,No,Account & Access Management
MU-103651,HW-PC-NOBOOT,No,Hardware & Equipment
MU-100870,HW-PRINTER,No,Hardware & Equipment
MU-100156,SIS-FEE,Yes,Student Information System
MU-102996,NET-SLOW,No,Network & Connectivity
MU-102525,HW-PC-SLOW,Yes,Hardware & Equipment
MU-100225,SIS-REG,Yes,Student Information System
MU-104529,APP-ERP,No,Application Support
MU-101161,HW-PRINTER,Yes,Hardware & Equipment
MU-101788,NET-LAN-PORT,No,Network & Connectivity
MU-104662,NET-VPN,Yes,Network & Connectivity
MU-104070,ACC-NEW,Yes,Account & Access Management
MU-100384,ACC-PERMS,No,Account & Access Management
MU-102972,HW-PERIPHERAL,Yes,Hardware & Equipment
MU-103161,SIS-PORTAL-SLOW,No,Student Information System
MU-102859,APP-INSTALL,Yes,Application Support
MU-102875,NET-SLOW,Yes,Network & Connectivity
MU-104807,HW-PRINTER,No,Hardware & Equipment
MU-102609,ACC-NEW,No,Account & Access Management
MU-101426,ACC-NEW,No,Account & Access Management
MU-104671,NET-SLOW,Yes,Network & Connectivity
MU-102694,HW-PERIPHERAL,No,Hardware & Equipment
MU-101614,NET-LAN-PORT,Yes,Network & Connectivity
MU-101238,ACC-PWD-RESET,Yes,Account & Access Management
MU-102608,NET-WIFI-NOCONN,Yes,Network & Connectivity
MU-100528,APP-INSTALL,No,Application Support
MU-102344,ACC-PWD-RESET,No,Account & Access Management
MU-103975,ACC-LOCKED,No,Account & Access Management
MU-103025,HW-PC-SLOW,Yes,Hardware & Equipment
MU-103896,HW-PERIPHERAL,Yes,Hardware & Equipment
MU-101311,HW-PRINTER,Yes,Hardware & Equipment
MU-100387,ACC-PERMS,No,Account & Access Management
MU-103462,NET-LAN-PORT,Yes,Network & Connectivity
MU-101397,LMS-COURSE-MISSING,Yes,Learning Management System
MU-102350,SIS-REG,No,Student Information System
MU-104758,HW-PC-NOBOOT,Yes,Hardware & Equipment
MU-103638,ACC-NEW,No,Account & Access Management
MU-100591,ACC-PERMS,No,Account & Access Management
MU-102466,HW-PC-NOBOOT,Yes,Hardware & Equipment
MU-102744,ACC-PWD-RESET,Yes,Account & Access Management
MU-101403,ACC-PWD-RESET,No,Account & Access Management
MU-100705,ACC-LOCKED,Yes,Account & Access Management
MU-104145,APP-ERP,Yes,Application Support
MU-104670,ACC-PWD-RESET,Yes,Account & Access Management
MU-104824,LMS-COURSE-MISSING,Yes,Learning Management System
MU-103696,NET-SLOW,Yes,Network & Connectivity
MU-103078,APP-PRINT-SW,Yes,Application Support
MU-104329,EML-MAILBOX-FULL,Yes,Email & Collaboration
MU-104851,SIS-REG,Yes,Student Information System
MU-102166,ACC-LOCKED,Yes,Account & Access Management
MU-102901,APP-INSTALL,No,Application Support
MU-102237,LMS-LOGIN,Yes,Learning Management System
MU-103350,ACC-LOCKED,No,Account & Access Management
MU-102082,APP-PRINT-SW,No,Application Support
MU-102347,HW-PRINTER,Yes,Hardware & Equipment
MU-102774,LMS-LOGIN,Yes,Learning Management System
MU-104732,APP-PRINT-SW,No,Application Support
MU-101375,ACC-PWD-RESET,No,Account & Access Management
MU-102771,ACC-PWD-RESET,No,Account & Access Management
MU-103013,ACC-NEW,Yes,Account & Access Management
MU-103146,HW-PRINTER,Yes,Hardware & Equipment
MU-101056,HW-PRINTER,Yes,Hardware & Equipment
MU-104177,HW-PRINTER,Yes,Hardware & Equipment
MU-101855,LMS-LOGIN,No,Learning Management System
MU-103543,EML-MEETING,Yes,Email & Collaboration
MU-102506,HW-PRINTER,No,Hardware & Equipment
MU-100125,SIS-TRANSCRIPT,Yes,Student Information System
MU-102938,SIS-REG,No,Student Information System
MU-104463,APP-PRINT-SW,Yes,Application Support
MU-102006,NET-SLOW,Yes,Network & Connectivity
MU-102584,ACC-PWD-RESET,No,Account & Access Management
MU-102653,ACC-LOCKED,No,Account & Access Management
MU-103120,SIS-REG,Yes,Student Information System
MU-102945,SIS-TRANSCRIPT,No,Student Information System
MU-101648,HW-PC-NOBOOT,Yes,Hardware & Equipment
MU-100120,HW-PROJECTOR,Yes,Hardware & Equipment
MU-103575,LMS-COURSE-MISSING,No,Learning Management System
MU-102785,LMS-LOGIN,Yes,Learning Management System
MU-100954,LMS-LOGIN,Yes,Learning Management System
MU-104104,HW-PROJECTOR,Yes,Hardware & Equipment
MU-102395,NET-LAN-PORT,Yes,Network & Connectivity
MU-100119,SIS-FEE,No,Student Information System
MU-104086,EML-MAILBOX-FULL,Yes,Email & Collaboration
MU-101477,ACC-LOCKED,Yes,Account & Access Management
MU-100238,NET-WIFI-NOCONN,Yes,Network & Connectivity
MU-101388,SIS-REG,No,Student Information System
MU-100048,HW-PRINTER,Yes,Hardware & Equipment
MU-102144,SIS-FEE,No,Student Information System
MU-103178,NET-WIFI-NOCONN,No,Network & Connectivity
MU-102056,NET-WIFI-NOCONN,Yes,Network & Connectivity
MU-101052,NET-LAN-PORT,Yes,Network & Connectivity
MU-104353,HW-PC-NOBOOT,Yes,Hardware & Equipment
MU-100173,ACC-LOCKED,Yes,Account & Access Management
MU-101033,EML-MAILBOX-FULL,No,Email & Collaboration
MU-101942,LMS-COURSE-MISSING,Yes,Learning Management System
MU-102724,SIS-REG,No,Student Information System
MU-103257,HW-PC-NOBOOT,No,Hardware & Equipment
MU-101295,ACC-PWD-RESET,No,Account & Access Management
MU-103112,APP-LICENCE,No,Application Support
MU-103933,HW-PRINTER,No,Hardware & Equipment
MU-104429,EML-SEND-FAIL,Yes,Email & Collaboration
MU-102977,ACC-PWD-RESET,Yes,Account & Access Management
MU-102014,SIS-TRANSCRIPT,Yes,Student Information System
MU-100162,HW-PC-NOBOOT,Yes,Hardware & Equipment
MU-103210,SIS-TRANSCRIPT,Yes,Student Information System
MU-101545,HW-PRINTER,Yes,Hardware & Equipment
MU-102400,HW-PC-NOBOOT,No,Hardware & Equipment
MU-100877,SIS-PORTAL-SLOW,Yes,Student Information System
MU-100598,EML-MAILBOX-FULL,Yes,Email & Collaboration
MU-101082,ACC-PERMS,Yes,Account & Access Management
MU-102622,LMS-LOGIN,Yes,Learning Management System
MU-102895,ACC-LOCKED,No,Account & Access Management
MU-102519,NET-SLOW,Yes,Network & Connectivity
MU-102602,NET-VPN,Yes,Network & Connectivity
MU-104142,ACC-LOCKED,No,Account & Access Management
MU-101995,LMS-UPLOAD,No,Learning Management System
MU-103936,NET-VPN,Yes,Network & Connectivity
MU-103800,SIS-REG,Yes,Student Information System
MU-101919,HW-PC-NOBOOT,Yes,Hardware & Equipment
MU-102228,ACC-PERMS,Yes,Account & Access Management
MU-104750,SIS-REG,Yes,Student Information System
MU-100046,HW-PERIPHERAL,Yes,Hardware & Equipment
MU-103980,HW-PRINTER,No,Hardware & Equipment
MU-104302,LMS-LOGIN,Yes,Learning Management System
MU-102278,HW-PC-NOBOOT,Yes,Hardware & Equipment
MU-103939,NET-WIFI-NOCONN,Yes,Network & Connectivity
MU-100039,EML-MAILBOX-FULL,No,Email & Collaboration
MU-100224,APP-ERP,Yes,Application Support
MU-101346,NET-WIFI-NOCONN,Yes,Network & Connectivity
MU-102094,NET-VPN,Yes,Network & Connectivity
MU-102499,ACC-PWD-RESET,No,Account & Access Management
MU-103413,SIS-REG,No,Student Information System
MU-100481,LMS-COURSE-MISSING,No,Learning Management System
MU-101896,LMS-LOGIN,Yes,Learning Management System
MU-102934,ACC-PWD-RESET,Yes,Account & Access Management
MU-102540,ACC-LOCKED,Yes,Account & Access Management
MU-101431,HW-PRINTER,No,Hardware & Equipment
MU-100923,LMS-COURSE-MISSING,Yes,Learning Management System
MU-100074,NET-LAN-PORT,Yes,Network & Connectivity
MU-101060,EML-MAILBOX-FULL,No,Email & Collaboration
MU-100746,ACC-PWD-RESET,Yes,Account & Access Management
MU-104598,LMS-LOGIN,Yes,Learning Management System
MU-103987,SIS-FEE,No,Student Information System
MU-102594,SIS-TRANSCRIPT,Yes,Student Information System
MU-101670,HW-PC-NOBOOT,Yes,Hardware & Equipment
MU-102971,NET-VPN,Yes,Network & Connectivity
MU-103776,NET-LAN-PORT,No,Network & Connectivity
MU-101176,ACC-NEW,Yes,Account & Access Management
MU-102688,ACC-PWD-RESET,No,Account & Access Management
MU-103154,ACC-NEW,No,Account & Access Management
MU-104460,ACC-LOCKED,Yes,Account & Access Management
MU-100942,APP-INSTALL,No,Application Support
MU-102751,SIS-REG,Yes,Student Information System
MU-101234,ACC-PWD-RESET,No,Account & Access Management
MU-104140,NET-WIFI-NOCONN,Yes,Network & Connectivity
MU-104268,NET-LAN-PORT,Yes,Network & Connectivity
MU-102773,NET-LAN-PORT,Yes,Network & Connectivity
MU-103077,SIS-TRANSCRIPT,Yes,Student Information System
MU-101222,HW-PRINTER,No,Hardware & Equipment
MU-103746,HW-PROJECTOR,Yes,Hardware & Equipment
MU-100604,SIS-FEE,No,Student Information System
MU-102718,NET-WIFI-NOCONN,No,Network & Connectivity
MU-101209,NET-WIFI-NOCONN,Yes,Network & Connectivity
MU-100446,HW-PRINTER,No,Hardware & Equipment
MU-103978,EML-MAILBOX-FULL,Yes,Email & Collaboration
MU-104052,SIS-TRANSCRIPT,No,Student Information System
MU-101008,ACC-NEW,Yes,Account & Access Management
MU-102950,ACC-PWD-RESET,Yes,Account & Access Management
MU-102471,SIS-TRANSCRIPT,Yes,Student Information System
MU-100268,HW-PC-NOBOOT,Yes,Hardware & Equipment
MU-102461,ACC-PERMS,Yes,Account & Access Management
MU-101433,ACC-LOCKED,No,Account & Access Management
MU-100666,NET-SLOW,No,Network & Connectivity
MU-100281,EML-SEND-FAIL,No,Email & Collaboration
MU-103133,LMS-UPLOAD,No,Learning Management System
MU-102008,ACC-PWD-RESET,Yes,Account & Access Management
MU-102057,SIS-FEE,No,Student Information System
MU-100090,SIS-TRANSCRIPT,No,Student Information System
MU-101970,LMS-UPLOAD,Yes,Learning Management System
MU-103837,HW-PC-NOBOOT,Yes,Hardware & Equipment
MU-100260,ACC-PERMS,Yes,Account & Access Management
MU-101582,NET-WIFI-NOCONN,No,Network & Connectivity
MU-103097,HW-PRINTER,Yes,Hardware & Equipment
MU-103470,SIS-REG,Yes,Student Information System
MU-103764,NET-WIFI-NOCONN,Yes,Network & Connectivity
MU-101507,ACC-LOCKED,Yes,Account & Access Management
MU-101462,NET-VPN,Yes,Network & Connectivity
MU-104792,NET-LAN-PORT,Yes,Network & Connectivity
MU-101000,APP-ERP,Yes,Application Support
MU-104575,HW-PRINTER,No,Hardware & Equipment
MU-104225,ACC-PWD-RESET,Yes,Account & Access Management
MU-100314,LMS-LOGIN,No,Learning Management System
MU-101552,LMS-UPLOAD,No,Learning Management System
MU-104310,ACC-NEW,Yes,Account & Access Management
MU-102117,HW-PRINTER,Yes,Hardware & Equipment
MU-102508,NET-SLOW,No,Network & Connectivity
MU-100838,APP-ERP,Yes,Application Support
MU-103924,LMS-UPLOAD,Yes,Learning Management System
MU-102267,LMS-LOGIN,No,Learning Management System
MU-101158,LMS-LOGIN,Yes,Learning Management System
MU-102130,LMS-COURSE-MISSING,Yes,Learning Management System
MU-101098,SIS-FEE,Yes,Student Information System
MU-101986,NET-VPN,Yes,Network & Connectivity
MU-100695,ACC-PWD-RESET,No,Account & Access Management
MU-103834,ACC-PWD-RESET,Yes,Account & Access Management
MU-103158,HW-PRINTER,Yes,Hardware & Equipment
MU-102018,NET-LAN-PORT,Yes,Network & Connectivity
MU-104383,APP-PRINT-SW,Yes,Application Support
MU-103977,EML-SEND-FAIL,Yes,Email & Collaboration
MU-100096,ACC-PWD-RESET,Yes,Account & Access Management
MU-100219,HW-PROJECTOR,Yes,Hardware & Equipment
MU-104854,LMS-QUIZ,Yes,Learning Management System
MU-100010,HW-PC-SLOW,Yes,Hardware & Equipment
MU-103107,EML-SEND-FAIL,No,Email & Collaboration
MU-100433,EML-SEND-FAIL,No,Email & Collaboration
MU-100091,ACC-PWD-RESET,No,Account & Access Management
MU-101424,NET-SLOW,No,Network & Connectivity
MU-100022,NET-WIFI-NOCONN,No,Network & Connectivity
MU-104651,SIS-TRANSCRIPT,Yes,Student Information System
MU-100017,SIS-FEE,No,Student Information System
MU-101680,ACC-LOCKED,Yes,Account & Access Management
MU-102388,SIS-REG,Yes,Student Information System
MU-102392,APP-PRINT-SW,Yes,Application Support
MU-100653,NET-VPN,No,Network & Connectivity
MU-100315,ACC-PWD-RESET,Yes,Account & Access Management
MU-101235,SIS-FEE,Yes,Student Information System
MU-103238,ACC-LOCKED,No,Account & Access Management
MU-100135,HW-PC-NOBOOT,Yes,Hardware & Equipment
MU-100070,LMS-UPLOAD,Yes,Learning Management System
MU-103425,SIS-REG,Yes,Student Information System
MU-104249,ACC-LOCKED,Yes,Account & Access Management
MU-103669,NET-VPN,No,Network & Connectivity
MU-103503,HW-PRINTER,Yes,Hardware & Equipment
MU-100810,NET-SLOW,Yes,Network & Connectivity
MU-103959,APP-ERP,No,Application Support
MU-102005,SIS-FEE,No,Student Information System
MU-101493,HW-PC-SLOW,No,Hardware & Equipment
MU-103917,ACC-LOCKED,Yes,Account & Access Management
MU-103572,HW-PERIPHERAL,Yes,Hardware & Equipment
MU-102861,ACC-LOCKED,No,Account & Access Management
MU-104199,NET-VPN,No,Network & Connectivity
MU-102139,NET-LAN-PORT,No,Network & Connectivity
MU-104213,APP-INSTALL,No,Application Support
MU-102588,NET-LAN-PORT,Yes,Network & Connectivity
MU-103136,LMS-LOGIN,Yes,Learning Management System
MU-101078,NET-WIFI-NOCONN,Yes,Network & Connectivity
MU-102178,SIS-REG,No,Student Information System
MU-101428,SIS-REG,Yes,Student Information System
MU-100153,APP-PRINT-SW,Yes,Application Support
MU-102969,NET-WIFI-NOCONN,Yes,Network & Connectivity
MU-103986,APP-INSTALL,Yes,Application Support
MU-100594,HW-PERIPHERAL,Yes,Hardware & Equipment
MU-100235,LMS-LOGIN,No,Learning Management System
MU-102809,LMS-LOGIN,No,Learning Management System
MU-100949,ACC-NEW,No,Account & Access Management
MU-100079,LMS-UPLOAD,Yes,Learning Management System
MU-103420,APP-INSTALL,Yes,Application Support
MU-100934,ACC-PWD-RESET,Yes,Account & Access Management
MU-101391,HW-PERIPHERAL,Yes,Hardware & Equipment
MU-102562,APP-ERP,Yes,Application Support
MU-104031,LMS-LOGIN,Yes,Learning Management System
MU-103814,SIS-REG,Yes,Student Information System
MU-100973,ACC-PERMS,Yes,Account & Access Management
MU-103342,ACC-PWD-RESET,Yes,Account & Access Management
MU-103908,APP-PRINT-SW,No,Application Support
MU-102569,APP-PRINT-SW,Yes,Application Support
MU-100454,NET-VPN,No,Network & Connectivity
MU-104396,LMS-UPLOAD,Yes,Learning Management System
MU-101726,LMS-COURSE-MISSING,Yes,Learning Management System
MU-104147,HW-PC-NOBOOT,Yes,Hardware & Equipment
MU-104599,NET-WIFI-NOCONN,Yes,Network & Connectivity
MU-104871,NET-VPN,Yes,Network & Connectivity
MU-101961,EML-SEND-FAIL,Yes,Email & Collaboration
MU-102233,ACC-LOCKED,No,Account & Access Management
MU-104455,ACC-LOCKED,Yes,Account & Access Management
MU-104769,NET-WIFI-NOCONN,No,Network & Connectivity
MU-103204,APP-LICENCE,No,Application Support
MU-104109,ACC-NEW,No,Account & Access Management
MU-103351,HW-PROJECTOR,Yes,Hardware & Equipment
MU-104232,HW-PERIPHERAL,Yes,Hardware & Equipment
MU-103940,LMS-UPLOAD,No,Learning Management System
MU-101703,NET-SLOW,Yes,Network & Connectivity
MU-102991,NET-SLOW,No,Network & Connectivity
MU-103876,HW-PC-SLOW,Yes,Hardware & Equipment
MU-102486,SIS-REG,Yes,Student Information System
MU-103265,SIS-REG,Yes,Student Information System
MU-102872,ACC-NEW,Yes,Account & Access Management
MU-104475,APP-LICENCE,Yes,Application Support
MU-103722,APP-INSTALL,Yes,Application Support
MU-102597,HW-PC-NOBOOT,Yes,Hardware & Equipment
MU-102061,NET-LAN-PORT,Yes,Network & Connectivity
MU-103919,HW-PROJECTOR,No,Hardware & Equipment
MU-101410,ACC-PWD-RESET,No,Account & Access Management
MU-103348,NET-SLOW,No,Network & Connectivity
MU-102915,NET-SLOW,Yes,Network & Connectivity
MU-104149,LMS-COURSE-MISSING,No,Learning Management System
MU-100075,LMS-LOGIN,No,Learning Management System
MU-104679,HW-PC-NOBOOT,Yes,Hardware & Equipment
MU-100596,ACC-PWD-RESET,No,Account & Access Management
MU-100564,ACC-PWD-RESET,No,Account & Access Management
MU-101385,LMS-LOGIN,Yes,Learning Management System
MU-104850,SIS-TRANSCRIPT,No,Student Information System
MU-104218,HW-PC-SLOW,Yes,Hardware & Equipment
MU-102967,NET-LAN-PORT,Yes,Network & Connectivity
MU-104803,LMS-QUIZ,No,Learning Management System
MU-104084,ACC-PWD-RESET,No,Account & Access Management
MU-100956,SIS-FEE,Yes,Student Information System
MU-103065,ACC-PERMS,No,Account & Access Management
MU-104450,HW-PC-NOBOOT,Yes,Hardware & Equipment
MU-104629,NET-SLOW,Yes,Network & Connectivity
MU-100733,LMS-QUIZ,No,Learning Management System
MU-102457,LMS-UPLOAD,No,Learning Management System
MU-104432,HW-PRINTER,Yes,Hardware & Equipment
MU-103965,EML-SEND-FAIL,Yes,Email & Collaboration
MU-101793,ACC-PWD-RESET,No,Account & Access Management
MU-101946,APP-PRINT-SW,No,Application Support
MU-100851,HW-PRINTER,Yes,Hardware & Equipment
MU-102732,ACC-PWD-RESET,Yes,Account & Access Management
MU-103792,ACC-PWD-RESET,Yes,Account & Access Management
MU-103291,NET-WIFI-NOCONN,Yes,Network & Connectivity
MU-102219,NET-WIFI-NOCONN,No,Network & Connectivity
MU-103873,NET-LAN-PORT,No,Network & Connectivity
MU-101593,ACC-PWD-RESET,Yes,Account & Access Management
MU-102565,SIS-PORTAL-SLOW,No,Student Information System
MU-102390,HW-PC-NOBOOT,Yes,Hardware & Equipment
MU-104139,EML-MAILBOX-FULL,Yes,Email & Collaboration
MU-104613,SIS-TRANSCRIPT,Yes,Student Information System
MU-103439,HW-PC-SLOW,Yes,Hardware & Equipment
MU-101857,EML-MAILBOX-FULL,Yes,Email & Collaboration
MU-100003,EML-SEND-FAIL,Yes,Email & Collaboration
MU-103901,LMS-LOGIN,No,Learning Management System
MU-102764,LMS-UPLOAD,Yes,Learning Management System
MU-101910,SIS-REG,No,Student Information System
MU-100980,ACC-LOCKED,No,Account & Access Management
MU-102729,ACC-PWD-RESET,No,Account & Access Management
MU-100334,ACC-PERMS,Yes,Account & Access Management
MU-102708,APP-LICENCE,No,Application Support
MU-100571,APP-LICENCE,Yes,Application Support
MU-101840,NET-SLOW,Yes,Network & Connectivity
MU-102323,HW-PRINTER,No,Hardware & Equipment
MU-104214,LMS-UPLOAD,Yes,Learning Management System
MU-102925,SIS-TRANSCRIPT,No,Student Information System
MU-104846,ACC-LOCKED,Yes,Account & Access Management
MU-104175,HW-PROJECTOR,Yes,Hardware & Equipment
MU-100329,SIS-REG,Yes,Student Information System
MU-102147,ACC-LOCKED,Yes,Account & Access Management
MU-102997,EML-MEETING,Yes,Email & Collaboration
MU-103437,EML-MEETING,No,Email & Collaboration
MU-101460,HW-PC-SLOW,No,Hardware & Equipment
MU-101211,ACC-PWD-RESET,Yes,Account & Access Management
MU-103319,SIS-TRANSCRIPT,No,Student Information System
MU-104864,SIS-FEE,No,Student Information System
MU-101684,HW-PC-SLOW,Yes,Hardware & Equipment
MU-102312,LMS-UPLOAD,Yes,Learning Management System
MU-101498,LMS-COURSE-MISSING,Yes,Learning Management System
MU-104226,LMS-QUIZ,No,Learning Management System
MU-101080,ACC-PWD-RESET,No,Account & Access Management
MU-104077,NET-WIFI-NOCONN,Yes,Network & Connectivity
MU-103584,APP-PRINT-SW,Yes,Application Support
MU-102072,NET-WIFI-NOCONN,Yes,Network & Connectivity
MU-103192,LMS-LOGIN,Yes,Learning Management System
MU-103549,APP-LICENCE,Yes,Application Support
MU-104549,HW-PC-NOBOOT,Yes,Hardware & Equipment
MU-104438,HW-PC-NOBOOT,No,Hardware & Equipment
MU-103169,LMS-LOGIN,No,Learning Management System
MU-101940,LMS-QUIZ,Yes,Learning Management System
MU-104191,APP-PRINT-SW,Yes,Application Support
MU-102812,ACC-PWD-RESET,No,Account & Access Management
MU-102045,ACC-PWD-RESET,No,Account & Access Management
MU-103259,NET-WIFI-NOCONN,No,Network & Connectivity
MU-102435,NET-LAN-PORT,Yes,Network & Connectivity
MU-103602,EML-MAILBOX-FULL,Yes,Email & Collaboration
MU-102887,LMS-UPLOAD,No,Learning Management System
MU-104867,SIS-PORTAL-SLOW,Yes,Student Information System
MU-103286,LMS-LOGIN,Yes,Learning Management System
MU-100217,NET-SLOW,Yes,Network & Connectivity
MU-104766,NET-LAN-PORT,Yes,Network & Connectivity
MU-104382,NET-WIFI-NOCONN,Yes,Network & Connectivity
MU-103364,APP-INSTALL,Yes,Application Support
MU-101668,LMS-LOGIN,No,Learning Management System
MU-103929,LMS-COURSE-MISSING,Yes,Learning Management System
MU-101239,NET-LAN-PORT,Yes,Network & Connectivity
MU-101530,HW-PERIPHERAL,Yes,Hardware & Equipment
MU-104829,NET-SLOW,Yes,Network & Connectivity
MU-101554,SIS-TRANSCRIPT,Yes,Student Information System
MU-101801,HW-PERIPHERAL,Yes,Hardware & Equipment
MU-102797,HW-PERIPHERAL,Yes,Hardware & Equipment
MU-102851,HW-PRINTER,No,Hardware & Equipment
MU-102546,ACC-PWD-RESET,Yes,Account & Access Management
MU-103268,ACC-PWD-RESET,Yes,Account & Access Management
MU-102113,EML-SEND-FAIL,Yes,Email & Collaboration
MU-102451,NET-WIFI-NOCONN,No,Network & Connectivity
MU-100737,ACC-NEW,Yes,Account & Access Management
MU-101808,ACC-PWD-RESET,Yes,Account & Access Management
MU-102314,SIS-FEE,Yes,Student Information System
MU-102921,ACC-LOCKED,Yes,Account & Access Management
MU-101421,SIS-REG,Yes,Student Information System
MU-101283,HW-PC-NOBOOT,Yes,Hardware & Equipment
MU-103645,ACC-PWD-RESET,Yes,Account & Access Management
MU-104808,ACC-PWD-RESET,Yes,Account & Access Management
MU-102206,ACC-PWD-RESET,Yes,Account & Access Management
MU-101043,ACC-PWD-RESET,No,Account & Access Management
MU-101405,LMS-LOGIN,Yes,Learning Management System
MU-104195,ACC-PWD-RESET,No,Account & Access Management
MU-100867,NET-SLOW,Yes,Network & Connectivity
MU-100297,ACC-PWD-RESET,Yes,Account & Access Management
MU-101607,EML-MEETING,No,Email & Collaboration
MU-102680,APP-INSTALL,Yes,Application Support
MU-103514,HW-PRINTER,Yes,Hardware & Equipment
MU-101368,LMS-LOGIN,Yes,Learning Management System
MU-103064,SIS-REG,No,Student Information System
MU-102398,HW-PRINTER,Yes,Hardware & Equipment
MU-101365,NET-WIFI-NOCONN,Yes,Network & Connectivity
MU-104663,HW-PERIPHERAL,Yes,Hardware & Equipment
MU-103849,LMS-COURSE-MISSING,Yes,Learning Management System
MU-102716,LMS-LOGIN,Yes,Learning Management System
MU-104817,HW-PROJECTOR,Yes,Hardware & Equipment
MU-103499,HW-PRINTER,Yes,Hardware & Equipment
MU-103738,EML-SEND-FAIL,Yes,Email & Collaboration
MU-104393,HW-PRINTER,Yes,Hardware & Equipment
MU-103730,HW-PRINTER,No,Hardware & Equipment
MU-102871,LMS-LOGIN,No,Learning Management System
MU-100142,HW-PRINTER,No,Hardware & Equipment
MU-104800,NET-WIFI-NOCONN,No,Network & Connectivity
MU-102595,LMS-LOGIN,Yes,Learning Management System
MU-100742,SIS-FEE,Yes,Student Information System
MU-101157,ACC-PWD-RESET,Yes,Account & Access Management
MU-103320,LMS-UPLOAD,No,Learning Management System
MU-101678,NET-WIFI-NOCONN,Yes,Network & Connectivity
MU-100160,ACC-PWD-RESET,No,Account & Access Management
MU-101259,NET-WIFI-NOCONN,Yes,Network & Connectivity
MU-100592,NET-WIFI-NOCONN,Yes,Network & Connectivity
MU-100565,APP-PRINT-SW,Yes,Application Support
MU-102368,EML-MAILBOX-FULL,Yes,Email & Collaboration
MU-100233,SIS-FEE,Yes,Student Information System
MU-104638,NET-WIFI-NOCONN,Yes,Network & Connectivity
MU-101586,ACC-PWD-RESET,No,Account & Access Management
MU-100780,LMS-QUIZ,Yes,Learning Management System
MU-103863,HW-PC-SLOW,No,Hardware & Equipment
MU-102213,HW-PROJECTOR,Yes,Hardware & Equipment
MU-101169,HW-PC-SLOW,No,Hardware & Equipment
MU-100678,NET-VPN,Yes,Network & Connectivity
MU-104417,SIS-FEE,Yes,Student Information System
MU-104059,ACC-LOCKED,No,Account & Access Management
MU-101990,APP-PRINT-SW,Yes,Application Support
MU-101504,HW-PC-NOBOOT,No,Hardware & Equipment
MU-102952,SIS-TRANSCRIPT,No,Student Information System
MU-104063,ACC-LOCKED,No,Account & Access Management
MU-103452,LMS-QUIZ,Yes,Learning Management System
MU-103399,SIS-FEE,No,Student Information System
MU-100398,NET-WIFI-NOCONN,Yes,Network & Connectivity
MU-102203,NET-WIFI-NOCONN,Yes,Network & Connectivity
MU-104434,LMS-COURSE-MISSING,No,Learning Management System
MU-104148,ACC-LOCKED,No,Account & Access Management
MU-101179,NET-WIFI-NOCONN,No,Network & Connectivity
MU-102619,SIS-PORTAL-SLOW,No,Student Information System
MU-104745,LMS-COURSE-MISSING,Yes,Learning Management System
MU-103135,NET-WIFI-NOCONN,Yes,Network & Connectivity
MU-102333,EML-SEND-FAIL,Yes,Email & Collaboration
MU-100496,HW-PC-SLOW,Yes,Hardware & Equipment
MU-103577,NET-VPN,Yes,Network & Connectivity
MU-100495,ACC-PERMS,Yes,Account & Access Management
MU-103920,HW-PRINTER,Yes,Hardware & Equipment
MU-100215,ACC-PWD-RESET,Yes,Account & Access Management
MU-100353,NET-WIFI-NOCONN,No,Network & Connectivity
MU-101571,NET-LAN-PORT,Yes,Network & Connectivity
MU-100570,APP-LICENCE,Yes,Application Support
MU-104534,NET-WIFI-NOCONN,Yes,Network & Connectivity
MU-102299,ACC-PWD-RESET,Yes,Account & Access Management
MU-103074,EML-MEETING,Yes,Email & Collaboration
MU-103105,LMS-LOGIN,No,Learning Management System
MU-103854,ACC-NEW,Yes,Account & Access Management
MU-103072,HW-PROJECTOR,No,Hardware & Equipment
MU-100538,NET-WIFI-NOCONN,Yes,Network & Connectivity
MU-104882,LMS-QUIZ,No,Learning Management System
MU-101814,LMS-COURSE-MISSING,No,Learning Management System
MU-103930,APP-ERP,Yes,Application Support
MU-104606,APP-LICENCE,Yes,Application Support
MU-103273,NET-VPN,No,Network & Connectivity
MU-100785,LMS-COURSE-MISSING,No,Learning Management System
MU-104193,EML-MAILBOX-FULL,Yes,Email & Collaboration
MU-100693,NET-WIFI-NOCONN,Yes,Network & Connectivity
MU-102968,NET-WIFI-NOCONN,Yes,Network & Connectivity
MU-100752,APP-INSTALL,Yes,Application Support
MU-100715,LMS-COURSE-MISSING,No,Learning Management System
MU-103679,NET-LAN-PORT,No,Network & Connectivity
MU-104842,ACC-NEW,Yes,Account & Access Management
MU-102806,HW-PC-NOBOOT,No,Hardware & Equipment
MU-104038,EML-MAILBOX-FULL,Yes,Email & Collaboration
MU-103510,APP-INSTALL,Yes,Application Support
MU-100825,NET-WIFI-NOCONN,Yes,Network & Connectivity
MU-103118,NET-LAN-PORT,No,Network & Connectivity
MU-103057,APP-ERP,Yes,Application Support
MU-103422,APP-INSTALL,No,Application Support
MU-100182,NET-WIFI-NOCONN,Yes,Network & Connectivity
MU-100589,HW-PRINTER,No,Hardware & Equipment
MU-103731,NET-LAN-PORT,Yes,Network & Connectivity
MU-103932,APP-PRINT-SW,Yes,Application Support
MU-101525,ACC-PWD-RESET,Yes,Account & Access Management
MU-102366,ACC-PWD-RESET,Yes,Account & Access Management
MU-103966,APP-INSTALL,Yes,Application Support
MU-100642,HW-PERIPHERAL,Yes,Hardware & Equipment
MU-103184,HW-PC-SLOW,Yes,Hardware & Equipment
MU-104436,ACC-NEW,No,Account & Access Management
MU-100835,ACC-NEW,No,Account & Access Management
MU-100599,HW-PROJECTOR,No,Hardware & Equipment
MU-103264,APP-INSTALL,Yes,Application Support
MU-101548,SIS-FEE,No,Student Information System
MU-103177,LMS-COURSE-MISSING,Yes,Learning Management System
MU-101095,LMS-QUIZ,Yes,Learning Management System
MU-104772,APP-INSTALL,No,Application Support
MU-100506,LMS-UPLOAD,Yes,Learning Management System
MU-104292,ACC-PERMS,Yes,Account & Access Management
MU-102657,NET-WIFI-NOCONN,No,Network & Connectivity
MU-101240,ACC-LOCKED,No,Account & Access Management
MU-100242,APP-PRINT-SW,Yes,Application Support
MU-100339,HW-PRINTER,Yes,Hardware & Equipment
MU-104577,EML-SEND-FAIL,Yes,Email & Collaboration
MU-103216,LMS-COURSE-MISSING,Yes,Learning Management System
MU-103705,HW-PROJECTOR,Yes,Hardware & Equipment
MU-101167,NET-WIFI-NOCONN,Yes,Network & Connectivity
MU-103479,NET-WIFI-NOCONN,Yes,Network & Connectivity
MU-101483,NET-WIFI-NOCONN,No,Network & Connectivity
MU-102776,HW-PERIPHERAL,Yes,Hardware & Equipment
MU-100688,ACC-PWD-RESET,Yes,Account & Access Management
MU-100814,LMS-COURSE-MISSING,Yes,Learning Management System
MU-104761,EML-SEND-FAIL,Yes,Email & Collaboration
MU-103250,SIS-REG,No,Student Information System
MU-102846,SIS-REG,Yes,Student Information System
MU-100044,LMS-COURSE-MISSING,Yes,Learning Management System
MU-101022,LMS-COURSE-MISSING,No,Learning Management System
MU-100151,LMS-COURSE-MISSING,No,Learning Management System
MU-104483,HW-PROJECTOR,Yes,Hardware & Equipment
MU-102520,NET-WIFI-NOCONN,Yes,Network & Connectivity
MU-101455,EML-SEND-FAIL,Yes,Email & Collaboration
MU-101264,NET-SLOW,No,Network & Connectivity
MU-103382,ACC-PWD-RESET,No,Account & Access Management
MU-100721,HW-PERIPHERAL,No,Hardware & Equipment
MU-102125,NET-WIFI-NOCONN,No,Network & Connectivity
MU-101858,HW-PERIPHERAL,No,Hardware & Equipment
MU-104554,APP-INSTALL,No,Application Support
MU-104684,LMS-COURSE-MISSING,Yes,Learning Management System
MU-102725,HW-PC-SLOW,No,Hardware & Equipment
MU-101835,LMS-UPLOAD,Yes,Learning Management System
MU-101061,NET-SLOW,Yes,Network & Connectivity
MU-102947,SIS-FEE,Yes,Student Information System
MU-101519,LMS-LOGIN,Yes,Learning Management System
MU-104596,NET-SLOW,No,Network & Connectivity
MU-101272,ACC-PWD-RESET,Yes,Account & Access Management
MU-103417,EML-SEND-FAIL,Yes,Email & Collaboration
MU-102319,ACC-PWD-RESET,No,Account & Access Management
MU-100282,ACC-NEW,Yes,Account & Access Management
MU-101645,HW-PRINTER,No,Hardware & Equipment
MU-102276,NET-LAN-PORT,Yes,Network & Connectivity
MU-101664,ACC-PWD-RESET,Yes,Account & Access Management
MU-101065,NET-WIFI-NOCONN,Yes,Network & Connectivity
MU-104518,APP-ERP,No,Application Support
MU-103023,ACC-LOCKED,No,Account & Access Management
MU-102322,LMS-UPLOAD,No,Learning Management System
MU-103071,ACC-PWD-RESET,No,Account & Access Management
MU-102663,NET-SLOW,No,Network & Connectivity
MU-101860,ACC-PWD-RESET,Yes,Account & Access Management
MU-101287,NET-WIFI-NOCONN,No,Network & Connectivity
MU-104537,SIS-REG,Yes,Student Information System
MU-100549,APP-LICENCE,No,Application Support
MU-104722,HW-PRINTER,Yes,Hardware & Equipment
MU-100583,ACC-PWD-RESET,Yes,Account & Access Management
MU-102084,ACC-PWD-RESET,Yes,Account & Access Management
MU-100762,SIS-TRANSCRIPT,Yes,Student Information System
MU-101686,ACC-LOCKED,Yes,Account & Access Management
MU-101503,HW-PC-NOBOOT,No,Hardware & Equipment
MU-102953,ACC-PWD-RESET,Yes,Account & Access Management
MU-101361,SIS-PORTAL-SLOW,Yes,Student Information System
MU-100716,EML-MAILBOX-FULL,Yes,Email & Collaboration
MU-101625,ACC-PWD-RESET,Yes,Account & Access Management
MU-100489,ACC-PERMS,Yes,Account & Access Management
MU-102829,ACC-PERMS,Yes,Account & Access Management
MU-100471,ACC-NEW,No,Account & Access Management
MU-104777,EML-MAILBOX-FULL,No,Email & Collaboration
MU-102596,HW-PERIPHERAL,No,Hardware & Equipment
MU-100427,LMS-UPLOAD,No,Learning Management System
MU-103010,NET-LAN-PORT,Yes,Network & Connectivity
MU-101472,SIS-TRANSCRIPT,Yes,Student Information System
MU-100328,NET-LAN-PORT,Yes,Network & Connectivity
MU-100972,HW-PC-SLOW,Yes,Hardware & Equipment
MU-103742,LMS-COURSE-MISSING,Yes,Learning Management System
MU-100883,ACC-LOCKED,No,Account & Access Management
MU-104547,NET-SLOW,Yes,Network & Connectivity
MU-103292,APP-PRINT-SW,Yes,Application Support
MU-101284,LMS-LOGIN,No,Learning Management System
MU-100875,NET-VPN,Yes,Network & Connectivity
MU-100197,APP-INSTALL,No,Application Support
MU-100595,ACC-NEW,Yes,Account & Access Management
MU-101205,HW-PRINTER,Yes,Hardware & Equipment
MU-100897,ACC-PWD-RESET,Yes,Account & Access Management
MU-101928,NET-VPN,Yes,Network & Connectivity
MU-104668,APP-LICENCE,Yes,Application Support
MU-102446,SIS-REG,No,Student Information System
MU-101068,LMS-COURSE-MISSING,Yes,Learning Management System
MU-101077,APP-ERP,Yes,Application Support
MU-101756,EML-SEND-FAIL,No,Email & Collaboration
MU-103247,APP-ERP,Yes,Application Support
MU-102830,HW-PERIPHERAL,Yes,Hardware & Equipment
MU-103649,SIS-REG,Yes,Student Information System
MU-102748,SIS-PORTAL-SLOW,No,Student Information System
MU-101223,NET-WIFI-NOCONN,Yes,Network & Connectivity
MU-101527,SIS-REG,Yes,Student Information System
MU-103295,HW-PC-NOBOOT,Yes,Hardware & Equipment
MU-101887,ACC-PWD-RESET,No,Account & Access Management
MU-104132,SIS-TRANSCRIPT,Yes,Student Information System
MU-102122,ACC-LOCKED,No,Account & Access Management
MU-103958,ACC-PWD-RESET,No,Account & Access Management
MU-103811,NET-SLOW,Yes,Network & Connectivity
MU-104530,APP-INSTALL,No,Application Support
MU-104276,ACC-PWD-RESET,No,Account & Access Management
MU-104127,EML-SEND-FAIL,No,Email & Collaboration
MU-104896,ACC-PWD-RESET,Yes,Account & Access Management
MU-104091,APP-ERP,No,Application Support
MU-102346,APP-PRINT-SW,Yes,Application Support
MU-100131,NET-LAN-PORT,No,Network & Connectivity
MU-104593,NET-SLOW,Yes,Network & Connectivity
MU-100579,LMS-LOGIN,No,Learning Management System
MU-103469,EML-SEND-FAIL,Yes,Email & Collaboration
MU-103181,ACC-PWD-RESET,Yes,Account & Access Management
MU-103028,EML-SEND-FAIL,Yes,Email & Collaboration
MU-103365,LMS-UPLOAD,No,Learning Management System
MU-101780,ACC-PWD-RESET,Yes,Account & Access Management
MU-100220,HW-PROJECTOR,Yes,Hardware & Equipment
MU-100082,SIS-TRANSCRIPT,No,Student Information System
MU-100977,NET-VPN,Yes,Network & Connectivity
MU-101812,HW-PC-SLOW,Yes,Hardware & Equipment
MU-100261,HW-PC-NOBOOT,Yes,Hardware & Equipment
MU-101744,EML-MAILBOX-FULL,Yes,Email & Collaboration
MU-100635,ACC-PWD-RESET,No,Account & Access Management
MU-104203,NET-LAN-PORT,Yes,Network & Connectivity
MU-100697,LMS-COURSE-MISSING,Yes,Learning Management System
MU-100601,NET-WIFI-NOCONN,Yes,Network & Connectivity
MU-104257,HW-PRINTER,No,Hardware & Equipment
MU-102339,NET-WIFI-NOCONN,No,Network & Connectivity
MU-102802,HW-PC-NOBOOT,Yes,Hardware & Equipment
MU-100667,ACC-PERMS,Yes,Account & Access Management
MU-101058,NET-LAN-PORT,Yes,Network & Connectivity
MU-102753,NET-WIFI-NOCONN,Yes,Network & Connectivity
MU-102021,NET-SLOW,Yes,Network & Connectivity
MU-103558,EML-MAILBOX-FULL,No,Email & Collaboration
MU-103675,APP-INSTALL,No,Application Support
MU-103383,SIS-FEE,Yes,Student Information System
MU-100535,NET-WIFI-NOCONN,No,Network & Connectivity
MU-102443,NET-SLOW,No,Network & Connectivity
MU-101045,HW-PROJECTOR,Yes,Hardware & Equipment
MU-101912,APP-PRINT-SW,Yes,Application Support
MU-101853,ACC-PERMS,Yes,Account & Access Management
MU-100692,APP-INSTALL,No,Application Support
MU-101651,SIS-FEE,Yes,Student Information System
MU-102904,NET-WIFI-NOCONN,Yes,Network & Connectivity
MU-103552,HW-PRINTER,Yes,Hardware & Equipment
MU-100966,HW-PROJECTOR,Yes,Hardware & Equipment
MU-102765,NET-WIFI-NOCONN,No,Network & Connectivity
MU-102151,SIS-FEE,Yes,Student Information System
MU-102393,LMS-COURSE-MISSING,Yes,Learning Management System
MU-100388,LMS-COURSE-MISSING,Yes,Learning Management System
MU-101474,HW-PC-NOBOOT,Yes,Hardware & Equipment
MU-100394,EML-SEND-FAIL,Yes,Email & Collaboration
MU-101785,LMS-LOGIN,Yes,Learning Management System
MU-100958,EML-MAILBOX-FULL,No,Email & Collaboration
MU-100109,HW-PC-NOBOOT,No,Hardware & Equipment
MU-102882,ACC-NEW,No,Account & Access Management
MU-100841,SIS-REG,No,Student Information System
MU-100469,LMS-COURSE-MISSING,Yes,Learning Management System
MU-103212,LMS-UPLOAD,No,Learning Management System
MU-103632,LMS-COURSE-MISSING,No,Learning Management System
MU-102331,EML-MEETING,No,Email & Collaboration
MU-101266,HW-PROJECTOR,Yes,Hardware & Equipment
MU-102191,ACC-LOCKED,Yes,Account & Access Management
MU-102297,SIS-REG,No,Student Information System
MU-100249,LMS-COURSE-MISSING,Yes,Learning Management System
MU-100593,ACC-LOCKED,No,Account & Access Management
MU-103279,HW-PC-NOBOOT,Yes,Hardware & Equipment
MU-101135,ACC-LOCKED,No,Account & Access Management
MU-101436,LMS-UPLOAD,Yes,Learning Management System
MU-103984,ACC-PWD-RESET,No,Account & Access Management
MU-100076,HW-PRINTER,No,Hardware & Equipment
MU-102854,LMS-LOGIN,No,Learning Management System
MU-101110,ACC-PERMS,Yes,Account & Access Management
MU-102532,APP-INSTALL,Yes,Application Support
MU-100318,ACC-LOCKED,Yes,Account & Access Management
MU-104502,EML-SEND-FAIL,No,Email & Collaboration
MU-104370,NET-VPN,No,Network & Connectivity
MU-103848,ACC-LOCKED,No,Account & Access Management
MU-103305,HW-PRINTER,No,Hardware & Equipment
MU-103505,ACC-PWD-RESET,No,Account & Access Management
MU-104219,EML-MAILBOX-FULL,Yes,Email & Collaboration
MU-103887,HW-PC-NOBOOT,Yes,Hardware & Equipment
MU-100624,LMS-LOGIN,No,Learning Management System
MU-102823,EML-MAILBOX-FULL,No,Email & Collaboration
MU-101882,ACC-PWD-RESET,Yes,Account & Access Management
MU-102185,LMS-QUIZ,No,Learning Management System
MU-100278,APP-INSTALL,No,Application Support
MU-103322,NET-LAN-PORT,Yes,Network & Connectivity
MU-101195,NET-WIFI-NOCONN,No,Network & Connectivity
MU-103853,LMS-LOGIN,Yes,Learning Management System
MU-104165,SIS-TRANSCRIPT,Yes,Student Information System
MU-101417,ACC-PWD-RESET,No,Account & Access Management
MU-103983,NET-LAN-PORT,Yes,Network & Connectivity
MU-103006,HW-PRINTER,Yes,Hardware & Equipment
MU-103088,HW-PC-NOBOOT,No,Hardware & Equipment
MU-102476,SIS-FEE,Yes,Student Information System
MU-100926,ACC-PWD-RESET,No,Account & Access Management
MU-100937,HW-PERIPHERAL,No,Hardware & Equipment
MU-103022,NET-WIFI-NOCONN,Yes,Network & Connectivity
MU-103500,HW-PC-SLOW,Yes,Hardware & Equipment
MU-103084,ACC-NEW,No,Account & Access Management
MU-104764,NET-LAN-PORT,No,Network & Connectivity
MU-101514,SIS-PORTAL-SLOW,No,Student Information System
MU-102247,LMS-LOGIN,Yes,Learning Management System
MU-100455,LMS-UPLOAD,Yes,Learning Management System
MU-103775,HW-PRINTER,Yes,Hardware & Equipment
MU-100198,ACC-PWD-RESET,Yes,Account & Access Management
MU-103418,ACC-NEW,Yes,Account & Access Management
MU-103293,EML-SEND-FAIL,Yes,Email & Collaboration
MU-104339,LMS-COURSE-MISSING,Yes,Learning Management System
MU-101636,APP-LICENCE,No,Application Support
MU-102064,HW-PERIPHERAL,No,Hardware & Equipment
MU-101394,HW-PRINTER,No,Hardware & Equipment
MU-100791,EML-MEETING,No,Email & Collaboration
MU-101420,HW-PC-SLOW,Yes,Hardware & Equipment
MU-104285,ACC-PWD-RESET,Yes,Account & Access Management
MU-100765,LMS-LOGIN,Yes,Learning Management System
MU-103880,ACC-PWD-RESET,No,Account & Access Management
MU-101588,APP-PRINT-SW,Yes,Application Support
MU-100661,ACC-PWD-RESET,No,Account & Access Management
MU-100127,EML-SEND-FAIL,Yes,Email & Collaboration
MU-102721,LMS-LOGIN,No,Learning Management System
MU-104716,ACC-NEW,No,Account & Access Management
MU-100043,APP-LICENCE,No,Application Support
MU-104548,HW-PC-NOBOOT,No,Hardware & Equipment
MU-103642,ACC-PWD-RESET,Yes,Account & Access Management
MU-100304,SIS-PORTAL-SLOW,Yes,Student Information System
MU-100901,ACC-PWD-RESET,Yes,Account & Access Management
MU-103663,APP-INSTALL,Yes,Application Support
MU-102107,APP-PRINT-SW,Yes,Application Support
MU-103594,NET-WIFI-NOCONN,No,Network & Connectivity
MU-102335,EML-SEND-FAIL,Yes,Email & Collaboration
MU-101551,LMS-LOGIN,Yes,Learning Management System
MU-102924,APP-ERP,Yes,Application Support
MU-100699,HW-PRINTER,Yes,Hardware & Equipment
MU-101745,LMS-UPLOAD,Yes,Learning Management System
MU-103434,HW-PC-NOBOOT,Yes,Hardware & Equipment
MU-101139,EML-MAILBOX-FULL,Yes,Email & Collaboration
MU-103805,SIS-FEE,Yes,Student Information System
MU-100674,HW-PERIPHERAL,No,Hardware & Equipment
MU-101059,ACC-PWD-RESET,No,Account & Access Management
MU-103546,ACC-PWD-RESET,Yes,Account & Access Management
MU-100991,ACC-LOCKED,No,Account & Access Management
MU-103404,NET-WIFI-NOCONN,No,Network & Connectivity
MU-100793,APP-INSTALL,Yes,Application Support
MU-102828,APP-INSTALL,Yes,Application Support
MU-103906,NET-SLOW,Yes,Network & Connectivity
MU-104035,ACC-NEW,Yes,Account & Access Management
MU-103052,HW-PC-NOBOOT,Yes,Hardware & Equipment
MU-103016,EML-MEETING,No,Email & Collaboration
MU-104687,LMS-LOGIN,Yes,Learning Management System
MU-102654,NET-WIFI-NOCONN,Yes,Network & Connectivity
MU-101888,SIS-FEE,No,Student Information System
MU-104787,ACC-NEW,No,Account & Access Management
MU-100830,SIS-REG,Yes,Student Information System
MU-103674,SIS-FEE,Yes,Student Information System
MU-103829,ACC-PWD-RESET,No,Account & Access Management
MU-100284,NET-LAN-PORT,No,Network & Connectivity
MU-100969,NET-LAN-PORT,No,Network & Connectivity
MU-102580,ACC-PWD-RESET,Yes,Account & Access Management
MU-102926,HW-PC-NOBOOT,No,Hardware & Equipment
MU-104804,ACC-PWD-RESET,No,Account & Access Management
MU-101149,SIS-REG,No,Student Information System
MU-103130,EML-MAILBOX-FULL,Yes,Email & Collaboration
MU-103451,ACC-PWD-RESET,Yes,Account & Access Management
MU-103708,HW-PC-NOBOOT,No,Hardware & Equipment
MU-102229,HW-PRINTER,No,Hardware & Equipment
MU-103379,ACC-PERMS,Yes,Account & Access Management
MU-104748,SIS-PORTAL-SLOW,Yes,Student Information System
MU-104346,SIS-TRANSCRIPT,Yes,Student Information System
MU-102231,EML-SEND-FAIL,Yes,Email & Collaboration
MU-100887,ACC-PWD-RESET,Yes,Account & Access Management
MU-103153,APP-PRINT-SW,Yes,Application Support
MU-101021,ACC-PWD-RESET,No,Account & Access Management
MU-103548,HW-PC-SLOW,No,Hardware & Equipment
MU-104510,ACC-NEW,No,Account & Access Management
MU-103576,LMS-COURSE-MISSING,Yes,Learning Management System
MU-102869,HW-PRINTER,No,Hardware & Equipment
MU-102941,EML-MAILBOX-FULL,Yes,Email & Collaboration
MU-101676,ACC-PWD-RESET,Yes,Account & Access Management
MU-100058,LMS-LOGIN,No,Learning Management System
MU-103398,EML-SEND-FAIL,No,Email & Collaboration
MU-104275,APP-ERP,Yes,Application Support
MU-100846,LMS-COURSE-MISSING,Yes,Learning Management System
MU-103000,HW-PROJECTOR,Yes,Hardware & Equipment
MU-102577,SIS-PORTAL-SLOW,Yes,Student Information System
MU-102537,ACC-PWD-RESET,No,Account & Access Management
MU-101559,ACC-LOCKED,Yes,Account & Access Management
MU-103280,EML-MEETING,No,Email & Collaboration
MU-103330,NET-SLOW,Yes,Network & Connectivity
MU-102918,NET-SLOW,Yes,Network & Connectivity
MU-102439,NET-WIFI-NOCONN,Yes,Network & Connectivity
MU-103717,NET-WIFI-NOCONN,Yes,Network & Connectivity
MU-102255,EML-MAILBOX-FULL,No,Email & Collaboration
MU-103458,LMS-COURSE-MISSING,Yes,Learning Management System
MU-102700,LMS-QUIZ,Yes,Learning Management System
MU-102645,ACC-LOCKED,Yes,Account & Access Management
MU-101721,APP-INSTALL,Yes,Application Support
MU-100833,SIS-REG,Yes,Student Information System
MU-100749,HW-PROJECTOR,No,Hardware & Equipment
MU-100703,NET-SLOW,No,Network & Connectivity
MU-101221,EML-MAILBOX-FULL,Yes,Email & Collaboration
MU-100675,EML-SEND-FAIL,Yes,Email & Collaboration
MU-102129,LMS-LOGIN,No,Learning Management System
MU-102432,APP-ERP,Yes,Application Support
MU-104823,SIS-TRANSCRIPT,No,Student Information System
MU-104172,ACC-PWD-RESET,Yes,Account & Access Management
MU-102804,NET-SLOW,No,Network & Connectivity
MU-103132,HW-PRINTER,Yes,Hardware & Equipment
MU-101872,APP-INSTALL,Yes,Application Support
MU-103809,LMS-UPLOAD,Yes,Learning Management System
MU-101386,ACC-PWD-RESET,Yes,Account & Access Management
MU-103202,APP-ERP,No,Application Support
MU-104508,APP-PRINT-SW,No,Application Support
MU-101416,NET-WIFI-NOCONN,Yes,Network & Connectivity
MU-104000,NET-SLOW,Yes,Network & Connectivity
MU-103885,ACC-PWD-RESET,No,Account & Access Management
MU-102661,HW-PRINTER,No,Hardware & Equipment
MU-100987,NET-WIFI-NOCONN,Yes,Network & Connectivity
MU-104585,LMS-LOGIN,No,Learning Management System
MU-104030,HW-PRINTER,No,Hardware & Equipment
MU-100952,ACC-PWD-RESET,No,Account & Access Management
MU-102482,APP-INSTALL,Yes,Application Support
MU-100400,NET-WIFI-NOCONN,No,Network & Connectivity
MU-102426,NET-LAN-PORT,Yes,Network & Connectivity
MU-104810,SIS-REG,Yes,Student Information System
MU-100713,HW-PROJECTOR,Yes,Hardware & Equipment
MU-104413,APP-ERP,No,Application Support
MU-100183,LMS-COURSE-MISSING,Yes,Learning Management System
MU-103070,SIS-REG,Yes,Student Information System
MU-102285,NET-WIFI-NOCONN,No,Network & Connectivity
MU-103538,SIS-PORTAL-SLOW,No,Student Information System
MU-100679,NET-SLOW,No,Network & Connectivity
MU-102440,NET-WIFI-NOCONN,No,Network & Connectivity
MU-102340,ACC-PWD-RESET,Yes,Account & Access Management
MU-100444,ACC-PWD-RESET,No,Account & Access Management
MU-102818,NET-WIFI-NOCONN,Yes,Network & Connectivity
MU-101188,ACC-PWD-RESET,Yes,Account & Access Management
MU-100573,LMS-COURSE-MISSING,No,Learning Management System
MU-100632,LMS-UPLOAD,No,Learning Management System
MU-100602,HW-PRINTER,No,Hardware & Equipment
MU-104228,NET-WIFI-NOCONN,Yes,Network & Connectivity
MU-100468,SIS-PORTAL-SLOW,Yes,Student Information System
MU-102567,EML-MAILBOX-FULL,No,Email & Collaboration
MU-100464,ACC-PWD-RESET,Yes,Account & Access Management
MU-102016,APP-INSTALL,Yes,Application Support
MU-100033,ACC-PWD-RESET,Yes,Account & Access Management
MU-101404,ACC-PWD-RESET,No,Account & Access Management
MU-103081,HW-PERIPHERAL,Yes,Hardware & Equipment
MU-102903,APP-ERP,No,Application Support
MU-102358,ACC-PERMS,Yes,Account & Access Management
MU-102784,ACC-PWD-RESET,Yes,Account & Access Management
MU-100354,EML-SEND-FAIL,Yes,Email & Collaboration
MU-103686,ACC-NEW,Yes,Account & Access Management
MU-101150,NET-WIFI-NOCONN,Yes,Network & Connectivity
MU-104398,SIS-TRANSCRIPT,Yes,Student Information System
MU-100421,APP-PRINT-SW,No,Application Support
MU-100694,LMS-COURSE-MISSING,Yes,Learning Management System
MU-101885,HW-PC-NOBOOT,Yes,Hardware & Equipment
MU-101573,LMS-LOGIN,Yes,Learning Management System
MU-103657,APP-INSTALL,Yes,Application Support
MU-100396,NET-LAN-PORT,Yes,Network & Connectivity
MU-102955,ACC-LOCKED,Yes,Account & Access Management
MU-102808,NET-WIFI-NOCONN,Yes,Network & Connectivity
MU-100093,HW-PERIPHERAL,Yes,Hardware & Equipment
MU-104009,ACC-NEW,Yes,Account & Access Management
MU-100436,LMS-COURSE-MISSING,Yes,Learning Management System
MU-100445,APP-INSTALL,Yes,Application Support
MU-101998,NET-WIFI-NOCONN,No,Network & Connectivity
MU-102935,LMS-COURSE-MISSING,No,Learning Management System
MU-101809,ACC-PERMS,No,Account & Access Management
MU-100180,ACC-PWD-RESET,Yes,Account & Access Management
MU-103148,LMS-UPLOAD,No,Learning Management System
MU-104155,NET-LAN-PORT,Yes,Network & Connectivity
MU-103466,NET-VPN,No,Network & Connectivity
MU-100172,NET-WIFI-NOCONN,Yes,Network & Connectivity
MU-103376,HW-PC-SLOW,No,Hardware & Equipment
MU-101962,HW-PC-NOBOOT,No,Hardware & Equipment
MU-101497,HW-PRINTER,No,Hardware & Equipment
MU-102908,EML-MAILBOX-FULL,No,Email & Collaboration
MU-103646,ACC-PERMS,No,Account & Access Management
MU-104389,LMS-COURSE-MISSING,No,Learning Management System
MU-101770,SIS-TRANSCRIPT,Yes,Student Information System
MU-103820,ACC-NEW,Yes,Account & Access Management
MU-100274,EML-MEETING,Yes,Email & Collaboration
MU-101699,SIS-REG,Yes,Student Information System
MU-104573,NET-VPN,Yes,Network & Connectivity
MU-102002,LMS-UPLOAD,Yes,Learning Management System
MU-101508,NET-LAN-PORT,No,Network & Connectivity
MU-102214,APP-ERP,Yes,Application Support
MU-104603,ACC-PWD-RESET,Yes,Account & Access Management
MU-104640,SIS-REG,No,Student Information System
MU-103596,LMS-QUIZ,No,Learning Management System
MU-104753,NET-SLOW,Yes,Network & Connectivity
MU-102876,HW-PRINTER,Yes,Hardware & Equipment
MU-104841,HW-PC-NOBOOT,Yes,Hardware & Equipment
MU-104113,NET-WIFI-NOCONN,Yes,Network & Connectivity
MU-102163,ACC-LOCKED,Yes,Account & Access Management
MU-101775,SIS-REG,No,Student Information System
MU-103569,SIS-REG,No,Student Information System
MU-100195,APP-INSTALL,Yes,Application Support
MU-103414,NET-VPN,Yes,Network & Connectivity
MU-101430,NET-WIFI-NOCONN,No,Network & Connectivity
MU-101141,ACC-NEW,No,Account & Access Management
MU-101502,SIS-FEE,Yes,Student Information System
MU-104289,EML-MAILBOX-FULL,No,Email & Collaboration
MU-104843,ACC-PERMS,Yes,Account & Access Management
MU-101869,SIS-FEE,No,Student Information System
MU-103750,HW-PC-NOBOOT,No,Hardware & Equipment
MU-102820,HW-PRINTER,No,Hardware & Equipment
MU-101050,LMS-LOGIN,No,Learning Management System
MU-100335,APP-INSTALL,Yes,Application Support
MU-103203,SIS-TRANSCRIPT,No,Student Information System
MU-102659,SIS-PORTAL-SLOW,Yes,Student Information System
MU-102767,ACC-PWD-RESET,No,Account & Access Management
MU-103568,ACC-NEW,Yes,Account & Access Management
MU-104528,NET-SLOW,No,Network & Connectivity
MU-102171,EML-SEND-FAIL,No,Email & Collaboration
MU-102215,HW-PC-NOBOOT,Yes,Hardware & Equipment
MU-100936,SIS-TRANSCRIPT,Yes,Student Information System
MU-100472,ACC-NEW,Yes,Account & Access Management
MU-100294,HW-PC-SLOW,Yes,Hardware & Equipment
MU-102513,NET-SLOW,No,Network & Connectivity
MU-103894,ACC-NEW,Yes,Account & Access Management
MU-100821,SIS-REG,No,Student Information System
MU-100487,LMS-QUIZ,Yes,Learning Management System
MU-101820,EML-SEND-FAIL,No,Email & Collaboration
MU-101406,NET-SLOW,Yes,Network & Connectivity
MU-101254,APP-INSTALL,Yes,Application Support
MU-103699,EML-SEND-FAIL,Yes,Email & Collaboration
MU-104194,NET-WIFI-NOCONN,Yes,Network & Connectivity
MU-104888,LMS-COURSE-MISSING,No,Learning Management System
MU-104299,SIS-TRANSCRIPT,Yes,Student Information System
MU-101672,EML-SEND-FAIL,No,Email & Collaboration
MU-102096,NET-WIFI-NOCONN,No,Network & Connectivity
MU-100494,LMS-QUIZ,Yes,Learning Management System
MU-102389,SIS-PORTAL-SLOW,No,Student Information System
MU-102448,ACC-NEW,Yes,Account & Access Management
MU-103401,LMS-LOGIN,No,Learning Management System
MU-102987,EML-MEETING,Yes,Email & Collaboration
MU-102180,LMS-COURSE-MISSING,Yes,Learning Management System
MU-102960,LMS-COURSE-MISSING,Yes,Learning Management System
MU-103043,HW-PC-NOBOOT,No,Hardware & Equipment
MU-100283,NET-SLOW,No,Network & Connectivity
MU-102093,HW-PC-SLOW,Yes,Hardware & Equipment
MU-100590,HW-PRINTER,Yes,Hardware & Equipment
MU-104241,ACC-PERMS,Yes,Account & Access Management
MU-101999,APP-ERP,No,Application Support
MU-101512,HW-PC-NOBOOT,Yes,Hardware & Equipment
MU-100994,HW-PC-NOBOOT,Yes,Hardware & Equipment
MU-100055,EML-SEND-FAIL,Yes,Email & Collaboration
MU-104079,APP-INSTALL,Yes,Application Support
MU-101180,HW-PERIPHERAL,No,Hardware & Equipment
MU-101922,NET-WIFI-NOCONN,No,Network & Connectivity
MU-102271,NET-WIFI-NOCONN,No,Network & Connectivity
MU-101943,ACC-NEW,Yes,Account & Access Management
MU-101564,NET-WIFI-NOCONN,Yes,Network & Connectivity
MU-101713,ACC-PWD-RESET,No,Account & Access Management
MU-104852,LMS-LOGIN,Yes,Learning Management System
MU-103253,NET-WIFI-NOCONN,Yes,Network & Connectivity
MU-104776,HW-PROJECTOR,Yes,Hardware & Equipment
MU-102118,LMS-COURSE-MISSING,Yes,Learning Management System
MU-103020,ACC-PWD-RESET,Yes,Account & Access Management
MU-104034,LMS-UPLOAD,No,Learning Management System
MU-101783,ACC-PWD-RESET,No,Account & Access Management
MU-103358,NET-LAN-PORT,Yes,Network & Connectivity
MU-100823,SIS-TRANSCRIPT,Yes,Student Information System
MU-101522,ACC-PERMS,Yes,Account & Access Management
MU-101967,LMS-COURSE-MISSING,Yes,Learning Management System
MU-100138,NET-LAN-PORT,No,Network & Connectivity
MU-100263,ACC-NEW,Yes,Account & Access Management
MU-104515,ACC-PERMS,Yes,Account & Access Management
MU-104797,HW-PC-SLOW,No,Hardware & Equipment
MU-103396,SIS-FEE,Yes,Student Information System
MU-102095,SIS-PORTAL-SLOW,Yes,Student Information System
MU-103997,NET-LAN-PORT,Yes,Network & Connectivity
MU-100606,NET-WIFI-NOCONN,Yes,Network & Connectivity
MU-103491,APP-ERP,Yes,Application Support
MU-100011,SIS-REG,Yes,Student Information System
MU-100567,LMS-QUIZ,No,Learning Management System
MU-101907,ACC-LOCKED,Yes,Account & Access Management
MU-102431,LMS-UPLOAD,Yes,Learning Management System
MU-102672,EML-SEND-FAIL,No,Email & Collaboration
MU-100326,ACC-LOCKED,Yes,Account & Access Management
MU-104735,LMS-COURSE-MISSING,Yes,Learning Management System
MU-101104,EML-SEND-FAIL,Yes,Email & Collaboration
MU-103200,NET-WIFI-NOCONN,No,Network & Connectivity
MU-101631,ACC-PWD-RESET,No,Account & Access Management
MU-100303,HW-PRINTER,No,Hardware & Equipment
MU-104282,LMS-UPLOAD,Yes,Learning Management System
MU-103073,NET-WIFI-NOCONN,Yes,Network & Connectivity
MU-102878,HW-PC-NOBOOT,No,Hardware & Equipment
MU-103713,APP-ERP,No,Application Support
MU-100879,LMS-LOGIN,Yes,Learning Management System
MU-102559,HW-PERIPHERAL,Yes,Hardware & Equipment
MU-102316,APP-PRINT-SW,No,Application Support
MU-102610,EML-SEND-FAIL,Yes,Email & Collaboration
MU-100381,HW-PC-SLOW,No,Hardware & Equipment
MU-102126,LMS-QUIZ,No,Learning Management System
MU-103621,LMS-COURSE-MISSING,No,Learning Management System
MU-101932,EML-MEETING,No,Email & Collaboration
MU-101207,EML-SEND-FAIL,Yes,Email & Collaboration
MU-104352,ACC-PWD-RESET,Yes,Account & Access Management
MU-100792,NET-LAN-PORT,Yes,Network & Connectivity
MU-100193,APP-INSTALL,Yes,Application Support
MU-103943,HW-PERIPHERAL,No,Hardware & Equipment
MU-100348,HW-PC-SLOW,Yes,Hardware & Equipment
MU-102083,ACC-LOCKED,No,Account & Access Management
MU-103049,EML-SEND-FAIL,Yes,Email & Collaboration
MU-101709,SIS-FEE,Yes,Student Information System
MU-104462,ACC-LOCKED,No,Account & Access Management
MU-102268,ACC-NEW,Yes,Account & Access Management
MU-102978,LMS-UPLOAD,Yes,Learning Management System
MU-104736,ACC-LOCKED,No,Account & Access Management
MU-102743,SIS-FEE,Yes,Student Information System
MU-102529,LMS-QUIZ,Yes,Learning Management System
MU-102710,APP-PRINT-SW,Yes,Application Support
MU-102963,LMS-COURSE-MISSING,No,Learning Management System
MU-102454,APP-INSTALL,No,Application Support
MU-102648,NET-WIFI-NOCONN,Yes,Network & Connectivity
MU-103879,APP-INSTALL,No,Application Support
MU-102841,NET-VPN,No,Network & Connectivity
MU-104065,HW-PRINTER,Yes,Hardware & Equipment
MU-103677,HW-PC-SLOW,Yes,Hardware & Equipment
MU-102816,ACC-PERMS,No,Account & Access Management
MU-103054,EML-SEND-FAIL,Yes,Email & Collaboration
MU-100689,ACC-LOCKED,Yes,Account & Access Management
MU-102272,EML-SEND-FAIL,Yes,Email & Collaboration
MU-101529,LMS-QUIZ,Yes,Learning Management System
MU-100491,NET-SLOW,Yes,Network & Connectivity
MU-102800,HW-PC-SLOW,No,Hardware & Equipment
MU-101661,ACC-PWD-RESET,Yes,Account & Access Management
MU-100669,NET-WIFI-NOCONN,Yes,Network & Connectivity
MU-102656,ACC-PWD-RESET,Yes,Account & Access Management
MU-104885,EML-SEND-FAIL,Yes,Email & Collaboration
MU-104798,NET-WIFI-NOCONN,No,Network & Connectivity
MU-100553,SIS-REG,No,Student Information System
MU-101193,ACC-PERMS,Yes,Account & Access Management
MU-103201,ACC-LOCKED,No,Account & Access Management
MU-102591,SIS-PORTAL-SLOW,No,Student Information System
MU-101717,ACC-PWD-RESET,No,Account & Access Management
MU-102568,HW-PROJECTOR,No,Hardware & Equipment
MU-101671,NET-WIFI-NOCONN,Yes,Network & Connectivity
MU-103030,HW-PRINTER,No,Hardware & Equipment
MU-100411,HW-PRINTER,Yes,Hardware & Equipment
MU-100540,APP-LICENCE,No,Application Support
MU-101172,HW-PC-NOBOOT,Yes,Hardware & Equipment
MU-104012,LMS-COURSE-MISSING,Yes,Learning Management System
MU-100620,LMS-COURSE-MISSING,Yes,Learning Management System
MU-101132,ACC-NEW,No,Account & Access Management
MU-101666,SIS-REG,Yes,Student Information System
MU-103582,EML-SEND-FAIL,No,Email & Collaboration
MU-104105,LMS-QUIZ,No,Learning Management System
MU-103525,SIS-FEE,No,Student Information System
MU-103468,ACC-LOCKED,Yes,Account & Access Management
MU-101550,LMS-LOGIN,Yes,Learning Management System
MU-103786,SIS-PORTAL-SLOW,Yes,Student Information System
MU-101724,HW-PC-SLOW,No,Hardware & Equipment
MU-101001,NET-VPN,Yes,Network & Connectivity
MU-103787,HW-PRINTER,Yes,Hardware & Equipment
MU-100047,NET-SLOW,Yes,Network & Connectivity
MU-103163,LMS-QUIZ,No,Learning Management System
MU-101863,NET-WIFI-NOCONN,No,Network & Connectivity
MU-103592,SIS-FEE,No,Student Information System
MU-102270,ACC-PWD-RESET,No,Account & Access Management
MU-100488,LMS-COURSE-MISSING,Yes,Learning Management System
MU-101892,APP-INSTALL,No,Application Support
MU-104240,SIS-REG,Yes,Student Information System
MU-100474,NET-LAN-PORT,Yes,Network & Connectivity
MU-104702,ACC-LOCKED,Yes,Account & Access Management
MU-102707,ACC-PWD-RESET,Yes,Account & Access Management
MU-104068,LMS-UPLOAD,No,Learning Management System
MU-104080,LMS-LOGIN,Yes,Learning Management System
MU-102826,NET-LAN-PORT,Yes,Network & Connectivity
MU-104089,LMS-COURSE-MISSING,No,Learning Management System
MU-101275,HW-PC-SLOW,No,Hardware & Equipment
MU-103802,EML-SEND-FAIL,Yes,Email & Collaboration
MU-104002,NET-LAN-PORT,Yes,Network & Connectivity
MU-103562,APP-ERP,Yes,Application Support
MU-102791,LMS-LOGIN,Yes,Learning Management System
MU-102433,ACC-PWD-RESET,Yes,Account & Access Management
MU-103687,HW-PC-NOBOOT,Yes,Hardware & Equipment
MU-102543,LMS-QUIZ,Yes,Learning Management System
MU-101758,APP-INSTALL,Yes,Application Support
MU-103767,NET-SLOW,Yes,Network & Connectivity
MU-101836,NET-LAN-PORT,Yes,Network & Connectivity
MU-103167,LMS-LOGIN,No,Learning Management System
MU-101847,HW-PC-NOBOOT,Yes,Hardware & Equipment
MU-104197,LMS-LOGIN,No,Learning Management System
MU-101048,APP-ERP,Yes,Application Support
MU-103904,ACC-PWD-RESET,No,Account & Access Management
MU-101363,SIS-FEE,No,Student Information System
MU-104016,NET-LAN-PORT,No,Network & Connectivity
MU-101339,LMS-UPLOAD,No,Learning Management System
MU-102263,EML-MEETING,Yes,Email & Collaboration
MU-103048,APP-PRINT-SW,Yes,Application Support
MU-104279,EML-SEND-FAIL,Yes,Email & Collaboration
MU-104557,NET-SLOW,Yes,Network & Connectivity
MU-101128,NET-SLOW,No,Network & Connectivity
MU-102324,LMS-LOGIN,No,Learning Management System
MU-104813,HW-PROJECTOR,Yes,Hardware & Equipment
MU-104067,HW-PRINTER,Yes,Hardware & Equipment
MU-104863,NET-WIFI-NOCONN,Yes,Network & Connectivity
MU-101889,ACC-NEW,No,Account & Access Management
MU-100806,HW-PC-NOBOOT,No,Hardware & Equipment
MU-101014,EML-SEND-FAIL,No,Email & Collaboration
MU-101602,ACC-LOCKED,Yes,Account & Access Management
MU-102196,HW-PRINTER,Yes,Hardware & Equipment
MU-104395,LMS-QUIZ,Yes,Learning Management System
MU-102330,HW-PERIPHERAL,No,Hardware & Equipment
MU-100351,SIS-FEE,Yes,Student Information System
MU-100106,HW-PROJECTOR,Yes,Hardware & Equipment
MU-103647,SIS-PORTAL-SLOW,Yes,Student Information System
MU-100322,HW-PERIPHERAL,No,Hardware & Equipment
MU-104782,LMS-LOGIN,Yes,Learning Management System
MU-104488,HW-PERIPHERAL,No,Hardware & Equipment
MU-102949,SIS-TRANSCRIPT,Yes,Student Information System
MU-100523,HW-PC-SLOW,No,Hardware & Equipment
MU-103517,NET-SLOW,Yes,Network & Connectivity
MU-101878,HW-PC-NOBOOT,Yes,Hardware & Equipment
MU-104387,LMS-LOGIN,No,Learning Management System
MU-100735,LMS-UPLOAD,No,Learning Management System
MU-100346,NET-WIFI-NOCONN,Yes,Network & Connectivity
MU-101271,NET-SLOW,No,Network & Connectivity
MU-101696,LMS-UPLOAD,Yes,Learning Management System
MU-102521,SIS-FEE,No,Student Information System
MU-101236,LMS-LOGIN,Yes,Learning Management System
MU-103636,SIS-TRANSCRIPT,Yes,Student Information System
MU-104861,NET-VPN,Yes,Network & Connectivity
MU-104238,NET-WIFI-NOCONN,No,Network & Connectivity
MU-102119,APP-PRINT-SW,No,Application Support
MU-103456,ACC-PERMS,Yes,Account & Access Management
MU-101697,EML-MAILBOX-FULL,No,Email & Collaboration
MU-102587,ACC-PWD-RESET,Yes,Account & Access Management
MU-104893,ACC-PWD-RESET,Yes,Account & Access Management
MU-103840,NET-WIFI-NOCONN,Yes,Network & Connectivity
MU-102033,LMS-COURSE-MISSING,Yes,Learning Management System
MU-104158,ACC-PWD-RESET,Yes,Account & Access Management
MU-104170,HW-PC-NOBOOT,Yes,Hardware & Equipment
MU-100114,NET-LAN-PORT,Yes,Network & Connectivity
MU-101837,ACC-NEW,No,Account & Access Management
MU-103531,NET-LAN-PORT,No,Network & Connectivity
MU-101810,NET-SLOW,Yes,Network & Connectivity
MU-104071,APP-LICENCE,Yes,Application Support
MU-100961,SIS-REG,No,Student Information System
MU-100136,LMS-UPLOAD,Yes,Learning Management System
MU-104609,HW-PC-SLOW,Yes,Hardware & Equipment
MU-100834,LMS-QUIZ,Yes,Learning Management System
MU-104054,APP-INSTALL,No,Application Support
MU-101465,ACC-LOCKED,No,Account & Access Management
MU-102437,SIS-FEE,Yes,Student Information System
MU-103042,SIS-REG,Yes,Student Information System
MU-102920,LMS-LOGIN,Yes,Learning Management System
MU-103664,ACC-NEW,Yes,Account & Access Management
MU-101345,APP-INSTALL,Yes,Application Support
MU-103570,LMS-COURSE-MISSING,No,Learning Management System
MU-101501,NET-SLOW,Yes,Network & Connectivity
MU-102417,SIS-REG,Yes,Student Information System
MU-100319,ACC-PWD-RESET,Yes,Account & Access Management
MU-101629,APP-PRINT-SW,No,Application Support
MU-102722,HW-PROJECTOR,Yes,Hardware & Equipment
MU-102189,LMS-QUIZ,No,Learning Management System
MU-100092,NET-WIFI-NOCONN,Yes,Network & Connectivity
MU-101730,ACC-PWD-RESET,Yes,Account & Access Management
MU-104580,HW-PERIPHERAL,Yes,Hardware & Equipment
MU-101742,HW-PERIPHERAL,No,Hardware & Equipment
MU-102704,ACC-PWD-RESET,No,Account & Access Management
MU-101035,LMS-COURSE-MISSING,No,Learning Management System
MU-101023,LMS-COURSE-MISSING,No,Learning Management System
MU-102274,HW-PRINTER,Yes,Hardware & Equipment
MU-101175,LMS-LOGIN,Yes,Learning Management System
MU-101138,SIS-REG,Yes,Student Information System
MU-101491,NET-WIFI-NOCONN,Yes,Network & Connectivity
MU-104229,NET-WIFI-NOCONN,Yes,Network & Connectivity
MU-103522,EML-MAILBOX-FULL,No,Email & Collaboration
MU-101290,NET-WIFI-NOCONN,Yes,Network & Connectivity
MU-100893,EML-MAILBOX-FULL,Yes,Email & Collaboration
MU-102325,HW-PRINTER,No,Hardware & Equipment
MU-102351,SIS-TRANSCRIPT,Yes,Student Information System
MU-104205,ACC-LOCKED,Yes,Account & Access Management
MU-103245,HW-PRINTER,Yes,Hardware & Equipment
MU-101072,APP-ERP,Yes,Application Support
MU-102408,HW-PC-NOBOOT,Yes,Hardware & Equipment
MU-103627,LMS-COURSE-MISSING,No,Learning Management System
MU-101355,ACC-NEW,No,Account & Access Management
MU-104717,APP-ERP,Yes,Application Support
MU-101242,HW-PC-NOBOOT,No,Hardware & Equipment
MU-100305,ACC-PWD-RESET,Yes,Account & Access Management
MU-104673,LMS-QUIZ,No,Learning Management System
MU-103450,ACC-PWD-RESET,Yes,Account & Access Management
MU-104678,LMS-COURSE-MISSING,Yes,Learning Management System
MU-103680,SIS-FEE,Yes,Student Information System
MU-100116,ACC-PWD-RESET,Yes,Account & Access Management
MU-102917,EML-MAILBOX-FULL,No,Email & Collaboration
MU-103555,LMS-UPLOAD,Yes,Learning Management System
MU-100786,NET-WIFI-NOCONN,Yes,Network & Connectivity
MU-103796,LMS-QUIZ,No,Learning Management System
MU-101590,EML-MEETING,Yes,Email & Collaboration
MU-103271,EML-SEND-FAIL,No,Email & Collaboration
MU-104025,LMS-LOGIN,Yes,Learning Management System
MU-104326,SIS-PORTAL-SLOW,Yes,Student Information System
MU-103464,ACC-LOCKED,No,Account & Access Management
MU-100789,NET-SLOW,No,Network & Connectivity
MU-104560,NET-SLOW,Yes,Network & Connectivity
MU-102621,LMS-UPLOAD,No,Learning Management System
MU-101261,SIS-TRANSCRIPT,Yes,Student Information System
MU-103745,ACC-PWD-RESET,No,Account & Access Management
MU-100389,EML-MAILBOX-FULL,Yes,Email & Collaboration
MU-104491,HW-PC-NOBOOT,No,Hardware & Equipment
MU-103864,NET-SLOW,No,Network & Connectivity
MU-103964,ACC-PWD-RESET,No,Account & Access Management
MU-104806,NET-LAN-PORT,Yes,Network & Connectivity
MU-103625,NET-WIFI-NOCONN,No,Network & Connectivity
MU-101489,SIS-FEE,Yes,Student Information System
MU-102979,ACC-PWD-RESET,Yes,Account & Access Management
MU-102245,ACC-LOCKED,Yes,Account & Access Management
MU-103990,NET-SLOW,Yes,Network & Connectivity
MU-102988,EML-MAILBOX-FULL,Yes,Email & Collaboration
MU-103186,SIS-REG,No,Student Information System
MU-103321,LMS-UPLOAD,Yes,Learning Management System
MU-102022,LMS-UPLOAD,No,Learning Management System
MU-104144,LMS-LOGIN,No,Learning Management System
MU-100915,ACC-LOCKED,Yes,Account & Access Management
MU-100517,ACC-NEW,Yes,Account & Access Management
MU-102874,HW-PC-NOBOOT,Yes,Hardware & Equipment
MU-101632,ACC-NEW,Yes,Account & Access Management
MU-100453,ACC-PWD-RESET,Yes,Account & Access Management
MU-103603,NET-LAN-PORT,Yes,Network & Connectivity
MU-100927,HW-PC-SLOW,Yes,Hardware & Equipment
MU-101341,EML-MAILBOX-FULL,No,Email & Collaboration
MU-104608,LMS-QUIZ,Yes,Learning Management System
MU-101370,HW-PC-SLOW,No,Hardware & Equipment
MU-103215,NET-WIFI-NOCONN,Yes,Network & Connectivity
MU-101007,SIS-REG,No,Student Information System
MU-103124,LMS-COURSE-MISSING,Yes,Learning Management System
MU-103003,NET-WIFI-NOCONN,Yes,Network & Connectivity
MU-102696,ACC-PWD-RESET,Yes,Account & Access Management
MU-100130,LMS-UPLOAD,No,Learning Management System
MU-101576,NET-WIFI-NOCONN,Yes,Network & Connectivity
MU-101379,SIS-FEE,Yes,Student Information System
MU-102391,ACC-LOCKED,No,Account & Access Management
MU-104021,HW-PC-NOBOOT,No,Hardware & Equipment
MU-103565,NET-LAN-PORT,No,Network & Connectivity
MU-104358,NET-SLOW,No,Network & Connectivity
MU-100288,ACC-NEW,Yes,Account & Access Management
MU-102495,NET-WIFI-NOCONN,Yes,Network & Connectivity
MU-101374,APP-ERP,No,Application Support
MU-100881,ACC-LOCKED,No,Account & Access Management
MU-100817,LMS-LOGIN,Yes,Learning Management System
MU-100950,LMS-QUIZ,Yes,Learning Management System
MU-104830,LMS-LOGIN,Yes,Learning Management System
MU-104570,NET-WIFI-NOCONN,No,Network & Connectivity
MU-101518,HW-PRINTER,Yes,Hardware & Equipment
MU-102993,ACC-NEW,Yes,Account & Access Management
MU-104369,NET-WIFI-NOCONN,No,Network & Connectivity
MU-103375,ACC-PWD-RESET,Yes,Account & Access Management
MU-100245,ACC-NEW,No,Account & Access Management
MU-100406,NET-WIFI-NOCONN,Yes,Network & Connectivity
MU-102101,NET-SLOW,No,Network & Connectivity
MU-100309,EML-MAILBOX-FULL,Yes,Email & Collaboration
MU-100519,NET-WIFI-NOCONN,No,Network & Connectivity
MU-100872,LMS-COURSE-MISSING,Yes,Learning Management System
MU-103540,HW-PC-NOBOOT,No,Hardware & Equipment
MU-101568,NET-LAN-PORT,No,Network & Connectivity
MU-103018,LMS-LOGIN,Yes,Learning Management System
MU-104636,APP-ERP,Yes,Application Support
MU-101959,APP-PRINT-SW,No,Application Support
MU-102030,ACC-NEW,No,Account & Access Management
MU-104118,ACC-PWD-RESET,No,Account & Access Management
MU-100537,APP-PRINT-SW,No,Application Support
MU-102355,EML-MEETING,No,Email & Collaboration
MU-102053,LMS-UPLOAD,No,Learning Management System
MU-103017,NET-VPN,No,Network & Connectivity
MU-103159,ACC-PWD-RESET,Yes,Account & Access Management
MU-104435,SIS-FEE,No,Student Information System
MU-101178,HW-PC-SLOW,No,Hardware & Equipment
MU-104532,HW-PRINTER,Yes,Hardware & Equipment
MU-100953,APP-PRINT-SW,Yes,Application Support
MU-104334,NET-VPN,Yes,Network & Connectivity
MU-102472,SIS-TRANSCRIPT,Yes,Student Information System
MU-101665,NET-WIFI-NOCONN,No,Network & Connectivity
MU-100619,ACC-NEW,Yes,Account & Access Management
MU-101107,NET-WIFI-NOCONN,Yes,Network & Connectivity
MU-100725,HW-PERIPHERAL,No,Hardware & Equipment
MU-103299,NET-VPN,No,Network & Connectivity
MU-102217,HW-PC-SLOW,No,Hardware & Equipment
MU-103858,NET-SLOW,Yes,Network & Connectivity
MU-104384,NET-SLOW,Yes,Network & Connectivity
MU-102230,NET-VPN,Yes,Network & Connectivity
MU-102397,HW-PC-NOBOOT,Yes,Hardware & Equipment
MU-104618,ACC-PWD-RESET,No,Account & Access Management
MU-100855,NET-SLOW,No,Network & Connectivity
MU-103567,SIS-TRANSCRIPT,No,Student Information System
MU-102377,NET-WIFI-NOCONN,No,Network & Connectivity
MU-102789,NET-WIFI-NOCONN,Yes,Network & Connectivity
MU-102059,ACC-LOCKED,Yes,Account & Access Management
MU-104073,EML-MAILBOX-FULL,Yes,Email & Collaboration
MU-102620,NET-SLOW,Yes,Network & Connectivity
MU-102483,ACC-PWD-RESET,Yes,Account & Access Management
MU-103141,HW-PC-NOBOOT,No,Hardware & Equipment
MU-101850,ACC-PERMS,Yes,Account & Access Management
MU-100708,ACC-PWD-RESET,No,Account & Access Management
MU-103317,ACC-PWD-RESET,No,Account & Access Management
MU-102341,LMS-COURSE-MISSING,Yes,Learning Management System
MU-101488,HW-PC-NOBOOT,Yes,Hardware & Equipment
MU-100108,SIS-TRANSCRIPT,Yes,Student Information System
MU-102959,NET-VPN,Yes,Network & Connectivity
MU-101384,NET-VPN,Yes,Network & Connectivity
MU-100152,ACC-PWD-RESET,Yes,Account & Access Management
MU-100850,HW-PC-NOBOOT,Yes,Hardware & Equipment
MU-103773,ACC-LOCKED,Yes,Account & Access Management
MU-101028,ACC-PERMS,Yes,Account & Access Management
MU-100123,LMS-QUIZ,Yes,Learning Management System
MU-103870,HW-PERIPHERAL,No,Hardware & Equipment
MU-103298,EML-MEETING,Yes,Email & Collaboration
MU-101401,NET-SLOW,Yes,Network & Connectivity
MU-102197,LMS-LOGIN,No,Learning Management System
MU-100371,SIS-TRANSCRIPT,No,Student Information System
MU-100530,ACC-LOCKED,No,Account & Access Management
MU-100932,APP-LICENCE,No,Application Support
MU-103855,HW-PROJECTOR,Yes,Hardware & Equipment
MU-103961,HW-PRINTER,Yes,Hardware & Equipment
MU-102310,LMS-LOGIN,Yes,Learning Management System
MU-101579,HW-PERIPHERAL,Yes,Hardware & Equipment
MU-100300,ACC-LOCKED,No,Account & Access Management
MU-101899,ACC-NEW,Yes,Account & Access Management
MU-104072,LMS-QUIZ,No,Learning Management System
MU-102442,HW-PRINTER,No,Hardware & Equipment
MU-102832,LMS-QUIZ,No,Learning Management System
MU-101716,ACC-PWD-RESET,Yes,Account & Access Management
MU-100862,ACC-LOCKED,Yes,Account & Access Management
MU-103155,EML-MAILBOX-FULL,Yes,Email & Collaboration
MU-100558,EML-SEND-FAIL,No,Email & Collaboration
MU-100985,EML-SEND-FAIL,No,Email & Collaboration
MU-102669,ACC-NEW,Yes,Account & Access Management
MU-104378,SIS-REG,No,Student Information System
MU-102011,ACC-NEW,No,Account & Access Management
MU-104870,EML-MEETING,Yes,Email & Collaboration
MU-102761,NET-SLOW,Yes,Network & Connectivity
MU-100529,LMS-QUIZ,Yes,Learning Management System
MU-100366,NET-WIFI-NOCONN,Yes,Network & Connectivity
MU-103037,NET-VPN,Yes,Network & Connectivity
MU-104561,NET-WIFI-NOCONN,No,Network & Connectivity
MU-102641,ACC-LOCKED,Yes,Account & Access Management
MU-100002,ACC-LOCKED,No,Account & Access Management
MU-100241,ACC-NEW,Yes,Account & Access Management
MU-104381,EML-MEETING,Yes,Email & Collaboration
MU-102665,EML-MEETING,No,Email & Collaboration
MU-103019,ACC-LOCKED,Yes,Account & Access Management
MU-100254,EML-MEETING,Yes,Email & Collaboration
MU-103753,HW-PRINTER,Yes,Hardware & Equipment
MU-103528,ACC-NEW,No,Account & Access Management
MU-100150,ACC-NEW,Yes,Account & Access Management
MU-102352,EML-SEND-FAIL,No,Email & Collaboration
MU-102108,ACC-PWD-RESET,No,Account & Access Management
MU-103635,APP-INSTALL,No,Application Support
MU-104394,NET-SLOW,Yes,Network & Connectivity
MU-102441,HW-PROJECTOR,Yes,Hardware & Equipment
MU-101322,ACC-PWD-RESET,No,Account & Access Management
MU-102280,NET-WIFI-NOCONN,Yes,Network & Connectivity
MU-104083,EML-MAILBOX-FULL,Yes,Email & Collaboration
MU-101024,APP-PRINT-SW,Yes,Application Support
MU-101592,NET-LAN-PORT,Yes,Network & Connectivity
MU-101125,ACC-LOCKED,No,Account & Access Management
MU-102745,ACC-PWD-RESET,Yes,Account & Access Management
MU-104122,APP-LICENCE,No,Application Support
MU-102615,ACC-NEW,Yes,Account & Access Management
MU-100167,NET-SLOW,Yes,Network & Connectivity
MU-101440,SIS-REG,Yes,Student Information System
MU-104472,SIS-FEE,Yes,Student Information System
MU-103726,HW-PRINTER,No,Hardware & Equipment
MU-103944,APP-INSTALL,Yes,Application Support
MU-104062,NET-WIFI-NOCONN,Yes,Network & Connectivity
MU-100755,NET-SLOW,No,Network & Connectivity
MU-102048,SIS-TRANSCRIPT,No,Student Information System
MU-102286,NET-SLOW,No,Network & Connectivity
MU-100820,SIS-PORTAL-SLOW,No,Student Information System
MU-101960,NET-WIFI-NOCONN,Yes,Network & Connectivity
MU-101628,ACC-PWD-RESET,Yes,Account & Access Management
MU-101025,NET-SLOW,Yes,Network & Connectivity
MU-103643,EML-SEND-FAIL,Yes,Email & Collaboration
MU-102489,HW-PC-NOBOOT,Yes,Hardware & Equipment
MU-101269,NET-SLOW,Yes,Network & Connectivity
MU-101751,LMS-LOGIN,No,Learning Management System
MU-103371,SIS-REG,Yes,Student Information System
MU-103024,ACC-LOCKED,No,Account & Access Management
MU-101738,SIS-REG,No,Student Information System
MU-102801,ACC-PWD-RESET,No,Account & Access Management
MU-100913,SIS-FEE,Yes,Student Information System
MU-102034,HW-PC-NOBOOT,Yes,Hardware & Equipment
MU-104819,ACC-PWD-RESET,Yes,Account & Access Management
MU-103688,APP-LICENCE,No,Application Support
MU-101338,APP-ERP,Yes,Application Support
MU-104453,HW-PERIPHERAL,Yes,Hardware & Equipment
MU-102884,ACC-LOCKED,Yes,Account & Access Management
MU-100441,NET-VPN,No,Network & Connectivity
MU-100768,NET-LAN-PORT,No,Network & Connectivity
MU-103185,APP-ERP,Yes,Application Support
MU-104264,NET-SLOW,Yes,Network & Connectivity
MU-103402,APP-LICENCE,Yes,Application Support
MU-100884,ACC-PWD-RESET,Yes,Account & Access Management
MU-101989,LMS-COURSE-MISSING,No,Learning Management System
MU-100790,NET-WIFI-NOCONN,No,Network & Connectivity
MU-100900,HW-PRINTER,Yes,Hardware & Equipment
MU-100728,NET-WIFI-NOCONN,No,Network & Connectivity
MU-103507,HW-PC-SLOW,Yes,Hardware & Equipment
MU-100938,NET-SLOW,Yes,Network & Connectivity
MU-100413,ACC-PWD-RESET,Yes,Account & Access Management
MU-104412,APP-LICENCE,Yes,Application Support
MU-100117,LMS-COURSE-MISSING,No,Learning Management System
MU-100361,EML-MAILBOX-FULL,Yes,Email & Collaboration
MU-103554,NET-WIFI-NOCONN,Yes,Network & Connectivity
MU-100417,LMS-QUIZ,Yes,Learning Management System
MU-104183,SIS-FEE,Yes,Student Information System
MU-101101,ACC-LOCKED,Yes,Account & Access Management
MU-102104,HW-PRINTER,Yes,Hardware & Equipment
MU-100097,EML-MEETING,Yes,Email & Collaboration
MU-102342,ACC-NEW,Yes,Account & Access Management
MU-102687,ACC-PWD-RESET,Yes,Account & Access Management
MU-102374,NET-WIFI-NOCONN,No,Network & Connectivity
MU-101577,APP-PRINT-SW,No,Application Support
MU-101243,ACC-PWD-RESET,Yes,Account & Access Management
MU-102111,ACC-PWD-RESET,No,Account & Access Management
MU-102244,EML-SEND-FAIL,Yes,Email & Collaboration
MU-103871,NET-SLOW,Yes,Network & Connectivity
MU-101839,ACC-LOCKED,Yes,Account & Access Management
MU-103410,APP-LICENCE,No,Application Support
MU-103752,ACC-PWD-RESET,No,Account & Access Management
MU-102836,NET-LAN-PORT,Yes,Network & Connectivity
MU-103872,ACC-PWD-RESET,Yes,Account & Access Management
MU-101402,NET-WIFI-NOCONN,Yes,Network & Connectivity
MU-102120,HW-PC-NOBOOT,Yes,Hardware & Equipment
MU-100397,SIS-FEE,No,Student Information System
MU-101594,ACC-PERMS,No,Account & Access Management
MU-104188,LMS-LOGIN,Yes,Learning Management System
MU-101706,LMS-COURSE-MISSING,Yes,Learning Management System
MU-100531,LMS-LOGIN,Yes,Learning Management System
MU-101194,SIS-REG,Yes,Student Information System
MU-102036,ACC-NEW,No,Account & Access Management
MU-103191,EML-SEND-FAIL,Yes,Email & Collaboration
MU-104555,NET-WIFI-NOCONN,Yes,Network & Connectivity
MU-103905,SIS-REG,Yes,Student Information System
MU-104718,ACC-LOCKED,No,Account & Access Management
MU-103622,SIS-REG,No,Student Information System
MU-102000,LMS-COURSE-MISSING,No,Learning Management System
MU-102160,HW-PC-SLOW,No,Hardware & Equipment
MU-101252,LMS-UPLOAD,Yes,Learning Management System
MU-100802,ACC-PWD-RESET,Yes,Account & Access Management
MU-102090,ACC-PWD-RESET,Yes,Account & Access Management
MU-103818,NET-SLOW,No,Network & Connectivity
MU-100532,SIS-TRANSCRIPT,Yes,Student Information System
MU-100377,EML-MEETING,Yes,Email & Collaboration
MU-100852,SIS-REG,Yes,Student Information System
MU-101698,NET-LAN-PORT,No,Network & Connectivity
MU-104298,HW-PERIPHERAL,Yes,Hardware & Equipment
MU-104415,EML-MEETING,No,Email & Collaboration
MU-104539,SIS-REG,Yes,Student Information System
MU-103324,ACC-LOCKED,No,Account & Access Management
MU-100711,LMS-COURSE-MISSING,Yes,Learning Management System
MU-102766,NET-VPN,Yes,Network & Connectivity
MU-104833,SIS-REG,Yes,Student Information System
MU-103493,ACC-NEW,Yes,Account & Access Management
MU-102254,ACC-NEW,No,Account & Access Management
MU-102683,HW-PROJECTOR,Yes,Hardware & Equipment
MU-102658,APP-INSTALL,No,Application Support
MU-100899,LMS-UPLOAD,Yes,Learning Management System
MU-102080,ACC-PERMS,No,Account & Access Management
MU-103034,HW-PROJECTOR,Yes,Hardware & Equipment
MU-100876,APP-PRINT-SW,Yes,Application Support
MU-103652,HW-PERIPHERAL,No,Hardware & Equipment
MU-101639,APP-PRINT-SW,Yes,Application Support
MU-102453,NET-SLOW,No,Network & Connectivity
MU-100257,SIS-TRANSCRIPT,No,Student Information System
MU-100859,ACC-PWD-RESET,Yes,Account & Access Management
MU-102074,HW-PC-NOBOOT,Yes,Hardware & Equipment
MU-101343,EML-MAILBOX-FULL,No,Email & Collaboration
MU-101354,SIS-PORTAL-SLOW,Yes,Student Information System
MU-101031,EML-MEETING,Yes,Email & Collaboration
MU-102741,HW-PERIPHERAL,No,Hardware & Equipment
MU-100230,HW-PRINTER,No,Hardware & Equipment
MU-100403,EML-SEND-FAIL,No,Email & Collaboration
MU-103833,ACC-PWD-RESET,No,Account & Access Management
MU-100405,ACC-PWD-RESET,Yes,Account & Access Management
MU-104485,NET-LAN-PORT,Yes,Network & Connectivity
MU-101381,LMS-QUIZ,Yes,Learning Management System
MU-101906,HW-PC-SLOW,Yes,Hardware & Equipment
MU-100607,LMS-LOGIN,No,Learning Management System
MU-103267,NET-WIFI-NOCONN,Yes,Network & Connectivity
MU-103524,ACC-PWD-RESET,Yes,Account & Access Management
MU-103587,SIS-TRANSCRIPT,Yes,Student Information System
MU-102573,NET-VPN,No,Network & Connectivity
MU-102204,APP-INSTALL,Yes,Application Support
MU-104446,ACC-NEW,Yes,Account & Access Management
MU-103336,LMS-QUIZ,Yes,Learning Management System
MU-103430,APP-INSTALL,No,Application Support
MU-101229,ACC-PWD-RESET,Yes,Account & Access Management
MU-103209,ACC-LOCKED,Yes,Account & Access Management
MU-100617,LMS-COURSE-MISSING,Yes,Learning Management System
MU-100587,ACC-PWD-RESET,Yes,Account & Access Management
MU-101764,NET-LAN-PORT,Yes,Network & Connectivity
MU-101657,NET-SLOW,Yes,Network & Connectivity
MU-104333,HW-PC-SLOW,Yes,Hardware & Equipment
MU-104069,ACC-PWD-RESET,No,Account & Access Management
MU-100161,APP-INSTALL,No,Application Support
MU-101978,APP-INSTALL,Yes,Application Support
MU-104500,NET-WIFI-NOCONN,Yes,Network & Connectivity
MU-104198,ACC-PWD-RESET,No,Account & Access Management
MU-100386,HW-PERIPHERAL,No,Hardware & Equipment
MU-104441,LMS-UPLOAD,No,Learning Management System
MU-101199,NET-SLOW,Yes,Network & Connectivity
MU-101279,NET-LAN-PORT,Yes,Network & Connectivity
MU-103760,NET-WIFI-NOCONN,No,Network & Connectivity
MU-102677,SIS-PORTAL-SLOW,Yes,Student Information System
MU-102643,ACC-PWD-RESET,Yes,Account & Access Management
MU-102409,APP-LICENCE,Yes,Application Support
MU-104028,EML-SEND-FAIL,Yes,Email & Collaboration
MU-103790,EML-SEND-FAIL,No,Email & Collaboration
MU-101626,APP-INSTALL,Yes,Application Support
MU-102124,LMS-LOGIN,No,Learning Management System
MU-101276,ACC-PWD-RESET,Yes,Account & Access Management
MU-102293,HW-PC-SLOW,Yes,Hardware & Equipment
MU-102150,HW-PC-SLOW,Yes,Hardware & Equipment
MU-100280,NET-WIFI-NOCONN,No,Network & Connectivity
MU-100395,EML-MAILBOX-FULL,No,Email & Collaboration
MU-101627,ACC-PWD-RESET,Yes,Account & Access Management
MU-100585,EML-MEETING,No,Email & Collaboration
MU-103545,APP-LICENCE,Yes,Application Support
MU-103234,SIS-REG,No,Student Information System
MU-100970,SIS-FEE,Yes,Student Information System
MU-101232,LMS-QUIZ,No,Learning Management System
MU-100379,APP-ERP,Yes,Application Support
MU-102357,LMS-LOGIN,No,Learning Management System
MU-100788,NET-WIFI-NOCONN,Yes,Network & Connectivity
MU-104245,EML-MEETING,No,Email & Collaboration
MU-100115,NET-WIFI-NOCONN,No,Network & Connectivity
MU-102792,NET-WIFI-NOCONN,Yes,Network & Connectivity
MU-103059,EML-SEND-FAIL,Yes,Email & Collaboration
MU-100332,APP-PRINT-SW,Yes,Application Support
MU-103661,HW-PRINTER,No,Hardware & Equipment
MU-101842,LMS-COURSE-MISSING,Yes,Learning Management System
MU-103171,NET-WIFI-NOCONN,No,Network & Connectivity
MU-103629,ACC-PWD-RESET,No,Account & Access Management
MU-103718,SIS-REG,No,Student Information System
MU-101076,ACC-PERMS,Yes,Account & Access Management
MU-101168,EML-SEND-FAIL,No,Email & Collaboration
MU-100310,ACC-PWD-RESET,No,Account & Access Management
MU-102599,SIS-FEE,Yes,Student Information System
MU-100639,ACC-PWD-RESET,Yes,Account & Access Management
MU-101524,HW-PRINTER,Yes,Hardware & Equipment
MU-100060,HW-PRINTER,No,Hardware & Equipment
MU-101225,HW-PC-NOBOOT,Yes,Hardware & Equipment
MU-100962,HW-PROJECTOR,Yes,Hardware & Equipment
MU-102533,HW-PC-SLOW,No,Hardware & Equipment
MU-101323,LMS-UPLOAD,Yes,Learning Management System
MU-104164,EML-SEND-FAIL,Yes,Email & Collaboration
MU-103066,SIS-TRANSCRIPT,No,Student Information System
MU-102668,NET-WIFI-NOCONN,No,Network & Connectivity
MU-100654,ACC-PERMS,Yes,Account & Access Management
MU-102172,NET-LAN-PORT,No,Network & Connectivity
MU-101245,LMS-QUIZ,Yes,Learning Management System
MU-100380,APP-INSTALL,No,Application Support
MU-104303,NET-SLOW,Yes,Network & Connectivity
MU-102795,NET-WIFI-NOCONN,Yes,Network & Connectivity
MU-104133,NET-WIFI-NOCONN,No,Network & Connectivity
MU-101934,NET-LAN-PORT,No,Network & Connectivity
MU-104869,ACC-LOCKED,No,Account & Access Management
MU-101293,ACC-PERMS,Yes,Account & Access Management
MU-101005,HW-PROJECTOR,Yes,Hardware & Equipment
MU-101864,APP-ERP,Yes,Application Support
MU-103599,LMS-LOGIN,Yes,Learning Management System
MU-100641,NET-WIFI-NOCONN,No,Network & Connectivity
MU-101109,HW-PC-SLOW,No,Hardware & Equipment
MU-100442,LMS-COURSE-MISSING,No,Learning Management System
MU-101383,LMS-UPLOAD,Yes,Learning Management System
MU-100561,ACC-NEW,Yes,Account & Access Management
MU-101541,ACC-PWD-RESET,No,Account & Access Management
MU-102566,EML-SEND-FAIL,No,Email & Collaboration
MU-100196,SIS-REG,Yes,Student Information System
MU-101471,SIS-REG,Yes,Student Information System
MU-104811,SIS-REG,Yes,Student Information System
MU-101425,ACC-PWD-RESET,Yes,Account & Access Management
MU-103409,APP-INSTALL,Yes,Application Support
MU-104649,ACC-PWD-RESET,Yes,Account & Access Management
MU-102571,SIS-TRANSCRIPT,No,Student Information System
MU-103766,LMS-LOGIN,No,Learning Management System
MU-103433,NET-WIFI-NOCONN,Yes,Network & Connectivity
MU-104283,NET-LAN-PORT,Yes,Network & Connectivity
MU-102248,HW-PERIPHERAL,Yes,Hardware & Equipment
MU-100673,HW-PC-SLOW,No,Hardware & Equipment
MU-100898,SIS-REG,Yes,Student Information System
MU-100426,SIS-TRANSCRIPT,No,Student Information System
MU-100113,LMS-COURSE-MISSING,Yes,Learning Management System
MU-102428,HW-PC-SLOW,No,Hardware & Equipment
MU-100541,HW-PC-SLOW,Yes,Hardware & Equipment
MU-103533,LMS-COURSE-MISSING,Yes,Learning Management System
MU-103979,HW-PC-SLOW,No,Hardware & Equipment
MU-103372,LMS-COURSE-MISSING,No,Learning Management System
MU-102382,NET-SLOW,No,Network & Connectivity
MU-103784,APP-INSTALL,No,Application Support
MU-100128,NET-LAN-PORT,No,Network & Connectivity
MU-100803,HW-PC-SLOW,Yes,Hardware & Equipment
MU-103506,NET-WIFI-NOCONN,No,Network & Connectivity
MU-104281,HW-PRINTER,Yes,Hardware & Equipment
MU-103715,NET-WIFI-NOCONN,Yes,Network & Connectivity
MU-104630,SIS-FEE,Yes,Student Information System
MU-102847,HW-PRINTER,No,Hardware & Equipment
MU-101113,HW-PRINTER,Yes,Hardware & Equipment
MU-100009,LMS-COURSE-MISSING,Yes,Learning Management System
MU-104308,NET-WIFI-NOCONN,Yes,Network & Connectivity
MU-101282,NET-WIFI-NOCONN,Yes,Network & Connectivity
MU-101719,APP-ERP,Yes,Application Support
MU-104066,LMS-LOGIN,No,Learning Management System
MU-104131,APP-PRINT-SW,Yes,Application Support
MU-104221,HW-PRINTER,No,Hardware & Equipment
MU-102414,ACC-PWD-RESET,Yes,Account & Access Management
MU-102283,ACC-LOCKED,Yes,Account & Access Management
MU-100813,HW-PRINTER,Yes,Hardware & Equipment
MU-101714,EML-SEND-FAIL,Yes,Email & Collaboration
MU-101736,ACC-PWD-RESET,No,Account & Access Management
MU-101708,NET-LAN-PORT,No,Network & Connectivity
MU-101085,NET-WIFI-NOCONN,Yes,Network & Connectivity
MU-103069,EML-MEETING,Yes,Email & Collaboration
MU-102054,LMS-QUIZ,No,Learning Management System
MU-104881,NET-SLOW,No,Network & Connectivity
MU-100919,LMS-UPLOAD,Yes,Learning Management System
MU-102378,NET-WIFI-NOCONN,Yes,Network & Connectivity
MU-100981,NET-LAN-PORT,Yes,Network & Connectivity
MU-100677,EML-SEND-FAIL,Yes,Email & Collaboration
MU-103743,LMS-UPLOAD,Yes,Learning Management System
MU-102803,LMS-COURSE-MISSING,Yes,Learning Management System
MU-103691,NET-LAN-PORT,Yes,Network & Connectivity
MU-102738,SIS-PORTAL-SLOW,Yes,Student Information System
MU-100333,NET-SLOW,No,Network & Connectivity
MU-104312,NET-SLOW,No,Network & Connectivity
MU-102697,NET-LAN-PORT,Yes,Network & Connectivity
MU-102964,SIS-PORTAL-SLOW,No,Student Information System
MU-101069,APP-INSTALL,No,Application Support
MU-102187,SIS-TRANSCRIPT,No,Student Information System
MU-103611,NET-LAN-PORT,Yes,Network & Connectivity
MU-100629,ACC-LOCKED,No,Account & Access Management
MU-100243,HW-PC-NOBOOT,No,Hardware & Equipment
MU-101739,EML-MAILBOX-FULL,Yes,Email & Collaboration
MU-102246,NET-VPN,No,Network & Connectivity
MU-103617,NET-WIFI-NOCONN,Yes,Network & Connectivity
MU-101733,APP-PRINT-SW,Yes,Application Support
MU-101729,ACC-PWD-RESET,No,Account & Access Management
MU-101711,ACC-PWD-RESET,No,Account & Access Management
MU-103261,SIS-REG,No,Student Information System
MU-103447,LMS-COURSE-MISSING,Yes,Learning Management System
MU-101097,LMS-QUIZ,No,Learning Management System
MU-104101,HW-PC-NOBOOT,Yes,Hardware & Equipment
MU-103967,NET-WIFI-NOCONN,Yes,Network & Connectivity
MU-101047,ACC-PERMS,Yes,Account & Access Management
MU-100181,EML-MAILBOX-FULL,Yes,Email & Collaboration
MU-101638,ACC-NEW,Yes,Account & Access Management
MU-102354,ACC-PWD-RESET,No,Account & Access Management
MU-101411,NET-WIFI-NOCONN,No,Network & Connectivity
MU-101164,LMS-QUIZ,No,Learning Management System
MU-103056,LMS-LOGIN,No,Learning Management System
MU-100832,APP-INSTALL,No,Application Support
MU-103822,EML-MAILBOX-FULL,Yes,Email & Collaboration
MU-100871,HW-PRINTER,No,Hardware & Equipment
MU-102360,ACC-PWD-RESET,No,Account & Access Management
MU-104461,SIS-FEE,Yes,Student Information System
MU-102618,LMS-QUIZ,No,Learning Management System
MU-104126,HW-PERIPHERAL,Yes,Hardware & Equipment
MU-104159,APP-ERP,Yes,Application Support
MU-101177,NET-WIFI-NOCONN,No,Network & Connectivity
MU-101929,LMS-QUIZ,Yes,Learning Management System
MU-100145,ACC-NEW,Yes,Account & Access Management
MU-100948,LMS-COURSE-MISSING,No,Learning Management System
MU-100663,ACC-PWD-RESET,Yes,Account & Access Management
MU-100139,LMS-LOGIN,Yes,Learning Management System
MU-103777,LMS-COURSE-MISSING,No,Learning Management System
MU-103851,ACC-LOCKED,No,Account & Access Management
MU-100061,LMS-COURSE-MISSING,Yes,Learning Management System
MU-102862,LMS-UPLOAD,No,Learning Management System
MU-103111,ACC-PERMS,Yes,Account & Access Management
MU-100080,APP-ERP,Yes,Application Support
MU-102583,HW-PRINTER,Yes,Hardware & Equipment
MU-102308,EML-MAILBOX-FULL,Yes,Email & Collaboration
MU-100626,LMS-COURSE-MISSING,No,Learning Management System
MU-101982,SIS-REG,Yes,Student Information System
MU-101984,HW-PC-SLOW,Yes,Hardware & Equipment
MU-102356,ACC-PWD-RESET,No,Account & Access Management
MU-103459,APP-ERP,Yes,Application Support
MU-103884,SIS-TRANSCRIPT,No,Student Information System
MU-103981,LMS-QUIZ,No,Learning Management System
MU-101434,NET-LAN-PORT,Yes,Network & Connectivity
MU-100256,LMS-LOGIN,Yes,Learning Management System
MU-100005,HW-PRINTER,Yes,Hardware & Equipment
MU-102041,SIS-REG,Yes,Student Information System
MU-102655,APP-ERP,Yes,Application Support
MU-104620,APP-LICENCE,No,Application Support
MU-104690,HW-PC-SLOW,Yes,Hardware & Equipment
MU-102590,ACC-PWD-RESET,Yes,Account & Access Management
MU-102592,NET-SLOW,Yes,Network & Connectivity
MU-101140,ACC-PERMS,Yes,Account & Access Management
MU-103911,NET-LAN-PORT,Yes,Network & Connectivity
MU-102796,NET-WIFI-NOCONN,Yes,Network & Connectivity
MU-103608,LMS-UPLOAD,Yes,Learning Management System
MU-104420,LMS-UPLOAD,No,Learning Management System
MU-102081,ACC-LOCKED,No,Account & Access Management
MU-101741,NET-WIFI-NOCONN,Yes,Network & Connectivity
MU-103781,ACC-PWD-RESET,Yes,Account & Access Management
MU-102682,NET-LAN-PORT,Yes,Network & Connectivity
MU-101044,APP-ERP,Yes,Application Support
MU-103915,LMS-COURSE-MISSING,Yes,Learning Management System
MU-101782,LMS-QUIZ,No,Learning Management System
MU-104074,ACC-PWD-RESET,Yes,Account & Access Management
MU-100392,ACC-PERMS,Yes,Account & Access Management
MU-102891,NET-LAN-PORT,No,Network & Connectivity
MU-101118,SIS-FEE,No,Student Information System
MU-102834,NET-WIFI-NOCONN,Yes,Network & Connectivity
MU-101650,EML-SEND-FAIL,Yes,Email & Collaboration
MU-102576,ACC-LOCKED,No,Account & Access Management
MU-104607,ACC-PWD-RESET,No,Account & Access Management
MU-102919,LMS-LOGIN,Yes,Learning Management System
MU-102866,LMS-LOGIN,Yes,Learning Management System
MU-101923,SIS-REG,Yes,Student Information System
MU-100052,HW-PC-NOBOOT,Yes,Hardware & Equipment
MU-100027,HW-PRINTER,No,Hardware & Equipment
MU-100964,ACC-PWD-RESET,No,Account & Access Management
MU-100777,ACC-LOCKED,Yes,Account & Access Management
MU-100204,HW-PROJECTOR,No,Hardware & Equipment
MU-102156,HW-PC-SLOW,Yes,Hardware & Equipment
MU-102211,ACC-PWD-RESET,Yes,Account & Access Management
MU-101894,HW-PROJECTOR,Yes,Hardware & Equipment
MU-100370,ACC-PWD-RESET,No,Account & Access Management
MU-102581,LMS-LOGIN,No,Learning Management System
MU-104096,SIS-FEE,Yes,Student Information System
MU-102756,ACC-PERMS,No,Account & Access Management
MU-102760,ACC-LOCKED,No,Account & Access Management
MU-100646,ACC-NEW,No,Account & Access Management
MU-103360,HW-PRINTER,Yes,Hardware & Equipment
MU-101931,SIS-REG,No,Student Information System
MU-101653,HW-PERIPHERAL,Yes,Hardware & Equipment
MU-102250,EML-MEETING,No,Email & Collaboration
MU-101305,ACC-LOCKED,No,Account & Access Management
MU-101011,ACC-PWD-RESET,Yes,Account & Access Management
MU-104011,HW-PROJECTOR,No,Hardware & Equipment
MU-100799,NET-SLOW,Yes,Network & Connectivity
MU-101496,ACC-PWD-RESET,No,Account & Access Management
MU-103866,SIS-REG,No,Student Information System
MU-102375,ACC-PWD-RESET,Yes,Account & Access Management
MU-104374,LMS-COURSE-MISSING,Yes,Learning Management System
MU-101981,HW-PC-SLOW,No,Hardware & Equipment
MU-100451,NET-WIFI-NOCONN,Yes,Network & Connectivity
MU-103283,HW-PERIPHERAL,No,Hardware & Equipment
MU-100177,HW-PC-SLOW,No,Hardware & Equipment
MU-102055,NET-VPN,Yes,Network & Connectivity
MU-103612,NET-WIFI-NOCONN,Yes,Network & Connectivity
MU-100277,SIS-FEE,Yes,Student Information System
MU-101445,NET-SLOW,Yes,Network & Connectivity
MU-102986,SIS-TRANSCRIPT,Yes,Student Information System
MU-101280,ACC-PERMS,Yes,Account & Access Management
MU-104647,SIS-REG,Yes,Student Information System
MU-104476,ACC-PWD-RESET,Yes,Account & Access Management
MU-103248,HW-PC-NOBOOT,Yes,Hardware & Equipment
MU-103205,ACC-LOCKED,Yes,Account & Access Management
MU-103972,LMS-UPLOAD,Yes,Learning Management System
MU-101039,LMS-COURSE-MISSING,No,Learning Management System
MU-104862,APP-INSTALL,Yes,Application Support
MU-100218,NET-WIFI-NOCONN,Yes,Network & Connectivity
MU-104558,SIS-PORTAL-SLOW,No,Student Information System
MU-104254,NET-LAN-PORT,Yes,Network & Connectivity
MU-101006,NET-SLOW,No,Network & Connectivity
MU-102937,LMS-COURSE-MISSING,Yes,Learning Management System
MU-100420,ACC-PWD-RESET,No,Account & Access Management
MU-104117,HW-PRINTER,No,Hardware & Equipment
MU-103472,HW-PC-SLOW,Yes,Hardware & Equipment
MU-100148,NET-SLOW,No,Network & Connectivity
MU-104001,NET-SLOW,Yes,Network & Connectivity
MU-100051,NET-WIFI-NOCONN,Yes,Network & Connectivity
MU-100907,EML-SEND-FAIL,Yes,Email & Collaboration
MU-101251,SIS-FEE,Yes,Student Information System
MU-101216,ACC-PWD-RESET,No,Account & Access Management
MU-100425,APP-ERP,Yes,Application Support
MU-101567,SIS-FEE,Yes,Student Information System
MU-102734,HW-PRINTER,Yes,Hardware & Equipment
MU-103616,ACC-PWD-RESET,Yes,Account & Access Management
MU-104230,HW-PERIPHERAL,Yes,Hardware & Equipment
MU-104872,EML-SEND-FAIL,Yes,Email & Collaboration
MU-104331,ACC-PWD-RESET,No,Account & Access Management
MU-104793,ACC-LOCKED,Yes,Account & Access Management
MU-101360,HW-PC-NOBOOT,Yes,Hardware & Equipment
MU-103877,LMS-QUIZ,No,Learning Management System
MU-102007,LMS-COURSE-MISSING,No,Learning Management System
MU-100545,EML-MEETING,No,Email & Collaboration
MU-100470,HW-PC-SLOW,Yes,Hardware & Equipment
MU-104341,ACC-LOCKED,Yes,Account & Access Management
MU-101674,SIS-REG,No,Student Information System
MU-100497,SIS-REG,No,Student Information System
MU-103303,ACC-PWD-RESET,Yes,Account & Access Management
MU-104784,NET-LAN-PORT,Yes,Network & Connectivity
MU-101658,NET-LAN-PORT,No,Network & Connectivity
MU-101247,APP-ERP,Yes,Application Support
MU-104878,EML-SEND-FAIL,Yes,Email & Collaboration
MU-101584,NET-WIFI-NOCONN,Yes,Network & Connectivity
MU-102188,EML-MEETING,No,Email & Collaboration
MU-102954,NET-WIFI-NOCONN,Yes,Network & Connectivity
MU-100143,ACC-PWD-RESET,No,Account & Access Management
MU-102579,SIS-REG,Yes,Student Information System
MU-101765,NET-VPN,No,Network & Connectivity
MU-103218,APP-ERP,No,Application Support
MU-100165,APP-LICENCE,No,Application Support
MU-101660,APP-INSTALL,Yes,Application Support
MU-100187,SIS-REG,No,Student Information System
MU-101146,LMS-COURSE-MISSING,No,Learning Management System
MU-101071,ACC-PWD-RESET,No,Account & Access Management
MU-102822,ACC-PWD-RESET,No,Account & Access Management
MU-104363,ACC-LOCKED,Yes,Account & Access Management
MU-101337,HW-PC-SLOW,Yes,Hardware & Equipment
MU-103254,ACC-NEW,Yes,Account & Access Management
MU-100435,SIS-TRANSCRIPT,No,Student Information System
MU-104879,ACC-NEW,No,Account & Access Management
MU-102023,NET-LAN-PORT,No,Network & Connectivity
MU-104372,HW-PROJECTOR,No,Hardware & Equipment
MU-102629,NET-LAN-PORT,No,Network & Connectivity
MU-103868,LMS-QUIZ,Yes,Learning Management System
MU-102067,HW-PRINTER,Yes,Hardware & Equipment
MU-103728,ACC-PWD-RESET,Yes,Account & Access Management
MU-100918,NET-SLOW,Yes,Network & Connectivity
MU-103126,ACC-PERMS,No,Account & Access Management
MU-104258,ACC-NEW,Yes,Account & Access Management
MU-103235,NET-SLOW,Yes,Network & Connectivity
MU-102365,HW-PRINTER,Yes,Hardware & Equipment
MU-103861,HW-PC-SLOW,Yes,Hardware & Equipment
MU-100732,SIS-FEE,Yes,Student Information System
MU-101601,LMS-COURSE-MISSING,Yes,Learning Management System
MU-103732,LMS-COURSE-MISSING,Yes,Learning Management System
MU-101920,NET-LAN-PORT,Yes,Network & Connectivity
MU-102517,ACC-PWD-RESET,Yes,Account & Access Management
MU-102496,HW-PROJECTOR,Yes,Hardware & Equipment
MU-104300,NET-VPN,No,Network & Connectivity
MU-104556,NET-VPN,No,Network & Connectivity
MU-102644,SIS-REG,Yes,Student Information System
MU-104120,SIS-REG,No,Student Information System
MU-101612,NET-WIFI-NOCONN,Yes,Network & Connectivity
MU-101327,HW-PRINTER,No,Hardware & Equipment
MU-103113,SIS-TRANSCRIPT,No,Student Information System
MU-103063,LMS-UPLOAD,No,Learning Management System
MU-101790,LMS-QUIZ,No,Learning Management System
MU-100974,LMS-QUIZ,No,Learning Management System
MU-100364,NET-VPN,Yes,Network & Connectivity
MU-103701,APP-PRINT-SW,Yes,Application Support
MU-101277,ACC-PWD-RESET,Yes,Account & Access Management
MU-103689,ACC-PWD-RESET,Yes,Account & Access Management
MU-102746,NET-VPN,Yes,Network & Connectivity
MU-102888,ACC-LOCKED,Yes,Account & Access Management
MU-100199,SIS-TRANSCRIPT,No,Student Information System
MU-101848,HW-PRINTER,No,Hardware & Equipment
MU-103334,ACC-PWD-RESET,Yes,Account & Access Management
MU-104015,LMS-QUIZ,Yes,Learning Management System
MU-102173,NET-WIFI-NOCONN,Yes,Network & Connectivity
MU-104210,NET-WIFI-NOCONN,No,Network & Connectivity
MU-100363,SIS-FEE,No,Student Information System
MU-101598,ACC-LOCKED,Yes,Account & Access Management
MU-102860,APP-INSTALL,No,Application Support
MU-100347,LMS-COURSE-MISSING,No,Learning Management System
MU-104838,APP-LICENCE,Yes,Application Support
MU-103759,HW-PROJECTOR,Yes,Hardware & Equipment
MU-100957,NET-VPN,Yes,Network & Connectivity
MU-103297,EML-SEND-FAIL,No,Email & Collaboration
MU-101241,SIS-REG,No,Student Information System
MU-101803,APP-INSTALL,Yes,Application Support
MU-100905,SIS-FEE,No,Student Information System
MU-103719,APP-ERP,No,Application Support
MU-101106,HW-PC-NOBOOT,Yes,Hardware & Equipment
MU-102564,LMS-QUIZ,Yes,Learning Management System
MU-102401,HW-PROJECTOR,Yes,Hardware & Equipment
MU-103123,EML-SEND-FAIL,No,Email & Collaboration
MU-100700,HW-PRINTER,Yes,Hardware & Equipment
MU-104427,HW-PROJECTOR,Yes,Hardware & Equipment
MU-103727,HW-PROJECTOR,Yes,Hardware & Equipment
MU-100448,ACC-PWD-RESET,No,Account & Access Management
MU-101569,HW-PC-SLOW,Yes,Hardware & Equipment
MU-100515,EML-MAILBOX-FULL,Yes,Email & Collaboration
MU-102929,ACC-PWD-RESET,Yes,Account & Access Management
MU-101297,LMS-QUIZ,Yes,Learning Management System
MU-104479,NET-LAN-PORT,Yes,Network & Connectivity
MU-100976,NET-WIFI-NOCONN,No,Network & Connectivity
MU-100208,EML-MEETING,Yes,Email & Collaboration
MU-104255,ACC-PWD-RESET,Yes,Account & Access Management
MU-100539,ACC-PWD-RESET,Yes,Account & Access Management
MU-101451,SIS-TRANSCRIPT,Yes,Student Information System
MU-101309,HW-PERIPHERAL,Yes,Hardware & Equipment
MU-102262,LMS-UPLOAD,Yes,Learning Management System
MU-101543,LMS-QUIZ,Yes,Learning Management System
MU-104605,ACC-LOCKED,No,Account & Access Management
MU-100625,NET-LAN-PORT,No,Network & Connectivity
MU-102284,HW-PRINTER,Yes,Hardware & Equipment
MU-102105,LMS-QUIZ,No,Learning Management System
MU-104621,NET-WIFI-NOCONN,Yes,Network & Connectivity
MU-104332,LMS-UPLOAD,Yes,Learning Management System
MU-100383,ACC-PWD-RESET,Yes,Account & Access Management
MU-100576,SIS-REG,Yes,Student Information System
MU-102313,ACC-LOCKED,No,Account & Access Management
MU-102894,SIS-TRANSCRIPT,No,Student Information System
MU-104248,LMS-LOGIN,No,Learning Management System
MU-100313,NET-WIFI-NOCONN,Yes,Network & Connectivity
MU-101084,EML-MAILBOX-FULL,Yes,Email & Collaboration
MU-101495,EML-SEND-FAIL,Yes,Email & Collaboration
MU-104304,SIS-REG,Yes,Student Information System
MU-104376,SIS-TRANSCRIPT,No,Student Information System
MU-101515,NET-SLOW,No,Network & Connectivity
MU-101829,LMS-UPLOAD,Yes,Learning Management System
MU-100984,HW-PC-SLOW,No,Hardware & Equipment
MU-100525,SIS-PORTAL-SLOW,Yes,Student Information System
MU-103683,ACC-LOCKED,Yes,Account & Access Management
MU-104284,HW-PC-NOBOOT,No,Hardware & Equipment
MU-101950,ACC-LOCKED,Yes,Account & Access Management
MU-100652,SIS-REG,No,Student Information System
MU-100376,APP-INSTALL,Yes,Application Support
MU-101544,SIS-TRANSCRIPT,No,Student Information System
MU-101591,SIS-PORTAL-SLOW,Yes,Student Information System
MU-103405,HW-PC-SLOW,No,Hardware & Equipment
MU-103188,SIS-TRANSCRIPT,No,Student Information System
MU-101968,LMS-COURSE-MISSING,No,Learning Management System
MU-102226,APP-ERP,Yes,Application Support
MU-104327,HW-PROJECTOR,Yes,Hardware & Equipment
MU-100588,EML-MEETING,No,Email & Collaboration
MU-104166,EML-MAILBOX-FULL,Yes,Email & Collaboration
MU-102019,HW-PRINTER,Yes,Hardware & Equipment
MU-101291,HW-PC-NOBOOT,No,Hardware & Equipment
MU-101825,HW-PRINTER,No,Hardware & Equipment
MU-104582,SIS-TRANSCRIPT,Yes,Student Information System
MU-104058,SIS-FEE,No,Student Information System
MU-103956,SIS-REG,No,Student Information System
MU-104366,LMS-COURSE-MISSING,Yes,Learning Management System
MU-101263,ACC-NEW,Yes,Account & Access Management
MU-100101,EML-SEND-FAIL,Yes,Email & Collaboration
MU-103996,SIS-FEE,No,Student Information System
MU-101727,ACC-PWD-RESET,No,Account & Access Management
MU-102038,LMS-COURSE-MISSING,Yes,Learning Management System
MU-101624,NET-VPN,Yes,Network & Connectivity
MU-101122,APP-PRINT-SW,Yes,Application Support
MU-103654,NET-VPN,Yes,Network & Connectivity
MU-103021,ACC-PWD-RESET,Yes,Account & Access Management
MU-104836,EML-MAILBOX-FULL,Yes,Email & Collaboration
MU-103039,HW-PRINTER,No,Hardware & Equipment
MU-100158,APP-INSTALL,Yes,Application Support
MU-103692,ACC-NEW,No,Account & Access Management
MU-101895,SIS-TRANSCRIPT,Yes,Student Information System
MU-100722,HW-PERIPHERAL,Yes,Hardware & Equipment
MU-103315,HW-PC-SLOW,Yes,Hardware & Equipment
MU-101468,HW-PERIPHERAL,Yes,Hardware & Equipment
MU-103308,SIS-REG,Yes,Student Information System
MU-101634,NET-WIFI-NOCONN,Yes,Network & Connectivity
MU-101037,SIS-TRANSCRIPT,Yes,Student Information System
MU-100691,NET-VPN,Yes,Network & Connectivity
MU-100603,LMS-LOGIN,No,Learning Management System
MU-102135,ACC-PERMS,No,Account & Access Management
MU-101694,NET-SLOW,Yes,Network & Connectivity
MU-102241,NET-WIFI-NOCONN,Yes,Network & Connectivity
MU-102289,LMS-UPLOAD,Yes,Learning Management System
MU-101482,ACC-LOCKED,Yes,Account & Access Management
MU-101319,EML-MAILBOX-FULL,Yes,Email & Collaboration
MU-104512,ACC-PWD-RESET,Yes,Account & Access Management
MU-100207,HW-PERIPHERAL,Yes,Hardware & Equipment
MU-103381,ACC-PWD-RESET,Yes,Account & Access Management
MU-101891,SIS-TRANSCRIPT,Yes,Student Information System
MU-104471,APP-INSTALL,Yes,Application Support
MU-101992,NET-LAN-PORT,No,Network & Connectivity
MU-104005,APP-INSTALL,Yes,Application Support
MU-103735,APP-PRINT-SW,Yes,Application Support
MU-101395,APP-ERP,No,Application Support
MU-100133,HW-PC-SLOW,Yes,Hardware & Equipment
MU-104129,APP-INSTALL,Yes,Application Support
MU-103302,APP-INSTALL,Yes,Application Support
MU-101274,LMS-COURSE-MISSING,Yes,Learning Management System
MU-103344,ACC-PERMS,Yes,Account & Access Management
MU-104834,LMS-COURSE-MISSING,Yes,Learning Management System
MU-100452,SIS-FEE,No,Student Information System
MU-104624,HW-PROJECTOR,Yes,Hardware & Equipment
MU-104280,ACC-PWD-RESET,Yes,Account & Access Management
MU-103889,HW-PC-NOBOOT,Yes,Hardware & Equipment
MU-102281,LMS-COURSE-MISSING,No,Learning Management System
MU-104826,APP-PRINT-SW,Yes,Application Support
MU-101966,ACC-NEW,Yes,Account & Access Management
MU-104408,LMS-LOGIN,No,Learning Management System
MU-102159,ACC-PWD-RESET,No,Account & Access Management
MU-102541,ACC-LOCKED,Yes,Account & Access Management
MU-100995,ACC-PWD-RESET,Yes,Account & Access Management
MU-103138,APP-PRINT-SW,Yes,Application Support
MU-103846,HW-PC-NOBOOT,Yes,Hardware & Equipment
MU-101313,NET-LAN-PORT,No,Network & Connectivity
MU-102763,LMS-LOGIN,No,Learning Management System
MU-102069,LMS-QUIZ,Yes,Learning Management System
MU-101926,ACC-PWD-RESET,Yes,Account & Access Management
MU-102807,ACC-PWD-RESET,No,Account & Access Management
MU-100634,ACC-PWD-RESET,Yes,Account & Access Management
MU-102238,NET-LAN-PORT,No,Network & Connectivity
MU-100555,APP-ERP,Yes,Application Support
MU-103281,NET-SLOW,Yes,Network & Connectivity
MU-102879,NET-SLOW,No,Network & Connectivity
MU-103650,ACC-PWD-RESET,Yes,Account & Access Management
MU-102078,ACC-LOCKED,No,Account & Access Management
MU-100623,ACC-PWD-RESET,Yes,Account & Access Management
MU-101695,LMS-LOGIN,No,Learning Management System
MU-103387,ACC-PERMS,No,Account & Access Management
MU-104212,ACC-PWD-RESET,Yes,Account & Access Management
MU-102179,APP-INSTALL,Yes,Application Support
MU-104032,NET-WIFI-NOCONN,No,Network & Connectivity
MU-104391,HW-PRINTER,Yes,Hardware & Equipment
MU-104418,SIS-FEE,Yes,Student Information System
MU-101546,ACC-PERMS,Yes,Account & Access Management
MU-104141,ACC-PWD-RESET,Yes,Account & Access Management
MU-100019,APP-ERP,Yes,Application Support
MU-103706,EML-MAILBOX-FULL,Yes,Email & Collaboration
MU-100552,HW-PROJECTOR,Yes,Hardware & Equipment
MU-101521,NET-WIFI-NOCONN,No,Network & Connectivity
MU-100743,HW-PC-NOBOOT,No,Hardware & Equipment
MU-101750,SIS-REG,Yes,Student Information System
MU-100868,LMS-UPLOAD,No,Learning Management System
MU-102837,NET-SLOW,No,Network & Connectivity
MU-102611,ACC-NEW,No,Account & Access Management
MU-100110,SIS-REG,Yes,Student Information System
MU-100323,HW-PC-NOBOOT,No,Hardware & Equipment
MU-104627,EML-MAILBOX-FULL,Yes,Email & Collaboration
MU-103068,ACC-PERMS,Yes,Account & Access Management
MU-100741,NET-WIFI-NOCONN,No,Network & Connectivity
MU-101262,HW-PROJECTOR,Yes,Hardware & Equipment
MU-104514,HW-PRINTER,No,Hardware & Equipment
MU-101075,LMS-UPLOAD,Yes,Learning Management System
MU-102032,SIS-PORTAL-SLOW,Yes,Student Information System
MU-104701,APP-INSTALL,No,Application Support
MU-101063,HW-PC-SLOW,Yes,Hardware & Equipment
MU-104610,HW-PERIPHERAL,Yes,Hardware & Equipment
MU-100192,HW-PRINTER,Yes,Hardware & Equipment
MU-104390,ACC-PWD-RESET,Yes,Account & Access Management
MU-100369,APP-INSTALL,Yes,Application Support
MU-103839,ACC-PWD-RESET,No,Account & Access Management
MU-102892,HW-PC-SLOW,No,Hardware & Equipment
MU-100410,LMS-QUIZ,No,Learning Management System
MU-102232,LMS-UPLOAD,Yes,Learning Management System
MU-104812,LMS-UPLOAD,No,Learning Management System
MU-102292,LMS-LOGIN,No,Learning Management System
MU-103368,SIS-FEE,No,Student Information System
MU-104457,HW-PROJECTOR,No,Hardware & Equipment
MU-100924,LMS-LOGIN,Yes,Learning Management System
MU-101556,SIS-FEE,No,Student Information System
MU-103373,EML-MAILBOX-FULL,No,Email & Collaboration
MU-101603,HW-PROJECTOR,No,Hardware & Equipment
MU-101944,LMS-COURSE-MISSING,Yes,Learning Management System
MU-101913,NET-WIFI-NOCONN,Yes,Network & Connectivity
MU-104023,HW-PERIPHERAL,Yes,Hardware & Equipment
MU-103361,EML-MEETING,Yes,Email & Collaboration
MU-101214,ACC-PWD-RESET,Yes,Account & Access Management
MU-102600,NET-SLOW,No,Network & Connectivity
MU-102066,NET-SLOW,No,Network & Connectivity
MU-102779,HW-PC-SLOW,Yes,Hardware & Equipment
MU-103208,NET-WIFI-NOCONN,Yes,Network & Connectivity
MU-104293,HW-PERIPHERAL,Yes,Hardware & Equipment
MU-103461,ACC-NEW,Yes,Account & Access Management
MU-101318,ACC-LOCKED,No,Account & Access Management
MU-101473,NET-WIFI-NOCONN,Yes,Network & Connectivity
MU-100086,EML-SEND-FAIL,Yes,Email & Collaboration
MU-102973,HW-PC-NOBOOT,Yes,Hardware & Equipment
MU-102840,APP-INSTALL,No,Application Support
MU-100209,NET-WIFI-NOCONN,Yes,Network & Connectivity
MU-103258,ACC-LOCKED,No,Account & Access Management
MU-100293,SIS-TRANSCRIPT,No,Student Information System
MU-102775,HW-PRINTER,No,Hardware & Equipment
MU-102994,APP-PRINT-SW,No,Application Support
MU-100670,SIS-REG,No,Student Information System
MU-100808,NET-VPN,Yes,Network & Connectivity
MU-101358,SIS-REG,Yes,Student Information System
MU-101088,ACC-PWD-RESET,Yes,Account & Access Management
MU-100390,SIS-TRANSCRIPT,No,Student Information System
MU-104192,SIS-FEE,No,Student Information System
MU-101610,LMS-UPLOAD,Yes,Learning Management System
MU-101646,EML-MEETING,Yes,Email & Collaboration
MU-104342,SIS-REG,Yes,Student Information System
MU-103989,ACC-PWD-RESET,No,Account & Access Management
MU-104799,HW-PC-SLOW,No,Hardware & Equipment
MU-104053,NET-LAN-PORT,Yes,Network & Connectivity
MU-102601,ACC-PWD-RESET,Yes,Account & Access Management
MU-102311,NET-LAN-PORT,Yes,Network & Connectivity
MU-102201,LMS-QUIZ,No,Learning Management System
MU-104064,ACC-LOCKED,Yes,Account & Access Management
MU-103101,SIS-PORTAL-SLOW,Yes,Student Information System
MU-104643,ACC-PWD-RESET,Yes,Account & Access Management
MU-101859,LMS-LOGIN,No,Learning Management System
MU-100511,HW-PRINTER,Yes,Hardware & Equipment
MU-104043,APP-INSTALL,No,Application Support
MU-102469,NET-LAN-PORT,Yes,Network & Connectivity
MU-100475,HW-PRINTER,No,Hardware & Equipment
MU-104242,ACC-PWD-RESET,Yes,Account & Access Management
MU-102051,ACC-PWD-RESET,Yes,Account & Access Management
MU-104571,NET-WIFI-NOCONN,Yes,Network & Connectivity
MU-102070,HW-PRINTER,No,Hardware & Equipment
MU-104473,EML-SEND-FAIL,Yes,Email & Collaboration
MU-100057,LMS-COURSE-MISSING,No,Learning Management System
MU-102091,ACC-LOCKED,Yes,Account & Access Management
MU-102445,EML-SEND-FAIL,Yes,Email & Collaboration
MU-101026,NET-SLOW,Yes,Network & Connectivity
MU-102149,APP-ERP,Yes,Application Support
MU-103694,ACC-PWD-RESET,Yes,Account & Access Management
MU-102603,SIS-REG,Yes,Student Information System
MU-101890,NET-WIFI-NOCONN,Yes,Network & Connectivity
MU-100794,APP-PRINT-SW,Yes,Application Support
MU-103367,ACC-LOCKED,Yes,Account & Access Management
MU-102003,ACC-PWD-RESET,No,Account & Access Management
MU-101484,HW-PROJECTOR,No,Hardware & Equipment
MU-101979,ACC-LOCKED,Yes,Account & Access Management
MU-100499,ACC-PERMS,Yes,Account & Access Management
MU-102328,SIS-FEE,No,Student Information System
MU-101772,EML-MAILBOX-FULL,No,Email & Collaboration
MU-103578,LMS-LOGIN,No,Learning Management System
MU-104355,ACC-LOCKED,Yes,Account & Access Management
MU-104130,ACC-NEW,Yes,Account & Access Management
MU-100719,APP-INSTALL,Yes,Application Support
MU-100352,ACC-LOCKED,Yes,Account & Access Management
MU-102279,APP-ERP,Yes,Application Support
MU-101268,SIS-REG,Yes,Student Information System
MU-103574,NET-WIFI-NOCONN,Yes,Network & Connectivity
MU-100874,HW-PROJECTOR,Yes,Hardware & Equipment
MU-104377,HW-PROJECTOR,No,Hardware & Equipment
MU-100618,NET-WIFI-NOCONN,Yes,Network & Connectivity
MU-103047,ACC-LOCKED,No,Account & Access Management
MU-100856,SIS-REG,Yes,Student Information System
MU-102524,APP-ERP,Yes,Application Support
MU-101831,HW-PRINTER,Yes,Hardware & Equipment
MU-101376,SIS-REG,Yes,Student Information System
MU-101100,EML-SEND-FAIL,No,Email & Collaboration
MU-104730,NET-WIFI-NOCONN,No,Network & Connectivity
MU-102253,LMS-COURSE-MISSING,Yes,Learning Management System
MU-101357,HW-PRINTER,No,Hardware & Equipment
MU-103561,HW-PROJECTOR,No,Hardware & Equipment
MU-104440,ACC-NEW,No,Account & Access Management
MU-104386,ACC-PWD-RESET,Yes,Account & Access Management
MU-102362,SIS-REG,No,Student Information System
MU-103844,ACC-NEW,No,Account & Access Management
MU-102692,ACC-LOCKED,No,Account & Access Management
MU-101285,SIS-REG,No,Student Information System
MU-101832,LMS-COURSE-MISSING,Yes,Learning Management System
MU-102458,NET-LAN-PORT,Yes,Network & Connectivity
MU-101807,SIS-REG,Yes,Student Information System
MU-100190,EML-MEETING,Yes,Email & Collaboration
MU-102649,HW-PROJECTOR,No,Hardware & Equipment
MU-101902,APP-INSTALL,Yes,Application Support
MU-102758,SIS-REG,Yes,Student Information System
MU-103590,ACC-PWD-RESET,Yes,Account & Access Management
MU-100255,APP-ERP,Yes,Application Support
MU-102849,SIS-FEE,Yes,Student Information System
MU-104176,ACC-PWD-RESET,Yes,Account & Access Management
MU-104454,ACC-PWD-RESET,Yes,Account & Access Management
MU-100975,NET-WIFI-NOCONN,No,Network & Connectivity
MU-100608,ACC-NEW,Yes,Account & Access Management
MU-100892,EML-SEND-FAIL,No,Email & Collaboration
MU-101392,ACC-PWD-RESET,Yes,Account & Access Management
MU-102216,ACC-PWD-RESET,Yes,Account & Access Management
MU-102265,LMS-LOGIN,Yes,Learning Management System
MU-102607,ACC-PWD-RESET,Yes,Account & Access Management
MU-102709,LMS-QUIZ,Yes,Learning Management System
MU-102686,HW-PRINTER,Yes,Hardware & Equipment
MU-103173,APP-INSTALL,Yes,Application Support
MU-101688,HW-PC-SLOW,Yes,Hardware & Equipment
MU-100253,HW-PC-SLOW,Yes,Hardware & Equipment
MU-101817,LMS-QUIZ,Yes,Learning Management System
MU-103096,SIS-REG,Yes,Student Information System
MU-100287,NET-WIFI-NOCONN,No,Network & Connectivity
MU-102886,ACC-PWD-RESET,Yes,Account & Access Management
MU-100367,EML-MEETING,No,Email & Collaboration
MU-103082,SIS-REG,Yes,Student Information System
MU-102047,ACC-PWD-RESET,Yes,Account & Access Management
MU-104482,SIS-REG,No,Student Information System
MU-102258,APP-INSTALL,Yes,Application Support
MU-103955,ACC-PERMS,No,Account & Access Management
MU-100385,SIS-PORTAL-SLOW,Yes,Student Information System
MU-102320,LMS-LOGIN,No,Learning Management System
MU-101027,LMS-QUIZ,No,Learning Management System
MU-102574,ACC-PWD-RESET,Yes,Account & Access Management
MU-103288,ACC-LOCKED,Yes,Account & Access Management
MU-101804,ACC-PWD-RESET,Yes,Account & Access Management
MU-101432,NET-WIFI-NOCONN,No,Network & Connectivity
MU-102632,EML-SEND-FAIL,Yes,Email & Collaboration
MU-101315,LMS-UPLOAD,Yes,Learning Management System
MU-100331,SIS-REG,Yes,Student Information System
MU-100049,SIS-FEE,Yes,Student Information System
MU-103260,HW-PRINTER,Yes,Hardware & Equipment
MU-102717,SIS-TRANSCRIPT,No,Student Information System
MU-103660,ACC-PERMS,Yes,Account & Access Management
MU-103453,ACC-LOCKED,Yes,Account & Access Management
MU-100264,ACC-PWD-RESET,Yes,Account & Access Management
MU-103436,EML-SEND-FAIL,No,Email & Collaboration
MU-102933,EML-MAILBOX-FULL,Yes,Email & Collaboration
MU-101689,NET-SLOW,Yes,Network & Connectivity
MU-103938,LMS-QUIZ,No,Learning Management System
MU-101566,ACC-PERMS,Yes,Account & Access Management
MU-104189,EML-MAILBOX-FULL,Yes,Email & Collaboration
MU-103913,LMS-QUIZ,Yes,Learning Management System
MU-101936,LMS-LOGIN,No,Learning Management System
MU-100815,LMS-QUIZ,Yes,Learning Management System
MU-100072,HW-PERIPHERAL,No,Hardware & Equipment
MU-104368,ACC-LOCKED,Yes,Account & Access Management
MU-100730,LMS-QUIZ,Yes,Learning Management System
MU-103282,ACC-LOCKED,Yes,Account & Access Management
MU-103892,APP-INSTALL,No,Application Support
MU-100597,LMS-COURSE-MISSING,Yes,Learning Management System
MU-101578,APP-INSTALL,Yes,Application Support
MU-101182,ACC-PWD-RESET,No,Account & Access Management
MU-102939,HW-PC-SLOW,No,Hardware & Equipment
MU-102536,ACC-PWD-RESET,Yes,Account & Access Management
MU-102750,HW-PC-NOBOOT,Yes,Hardware & Equipment
MU-103953,LMS-UPLOAD,Yes,Learning Management System
MU-101994,NET-WIFI-NOCONN,Yes,Network & Connectivity
MU-101292,EML-MEETING,No,Email & Collaboration
MU-103145,LMS-COURSE-MISSING,Yes,Learning Management System
MU-101813,SIS-FEE,No,Student Information System
MU-100073,HW-PC-NOBOOT,No,Hardware & Equipment
MU-100458,HW-PC-NOBOOT,Yes,Hardware & Equipment
MU-100885,LMS-QUIZ,No,Learning Management System
MU-104421,ACC-PWD-RESET,Yes,Account & Access Management
MU-102752,NET-SLOW,Yes,Network & Connectivity
MU-100761,SIS-TRANSCRIPT,Yes,Student Information System
MU-104683,HW-PERIPHERAL,No,Hardware & Equipment
MU-101557,LMS-LOGIN,Yes,Learning Management System
MU-103091,NET-WIFI-NOCONN,No,Network & Connectivity
MU-103667,ACC-LOCKED,Yes,Account & Access Management
MU-100129,APP-PRINT-SW,Yes,Application Support
MU-101089,HW-PRINTER,Yes,Hardware & Equipment
MU-101547,EML-MEETING,Yes,Email & Collaboration
MU-102848,SIS-TRANSCRIPT,Yes,Student Information System
MU-101769,LMS-COURSE-MISSING,No,Learning Management System
MU-104107,EML-SEND-FAIL,Yes,Email & Collaboration
MU-100144,APP-PRINT-SW,Yes,Application Support
MU-103102,HW-PROJECTOR,Yes,Hardware & Equipment
MU-100696,HW-PC-NOBOOT,No,Hardware & Equipment
MU-102850,HW-PROJECTOR,Yes,Hardware & Equipment
MU-101506,APP-INSTALL,No,Application Support
MU-103850,ACC-PWD-RESET,No,Account & Access Management
MU-103329,LMS-LOGIN,Yes,Learning Management System
MU-103481,APP-PRINT-SW,Yes,Application Support
MU-102681,ACC-PWD-RESET,Yes,Account & Access Management
MU-100999,HW-PC-NOBOOT,No,Hardware & Equipment
MU-101821,ACC-NEW,No,Account & Access Management
MU-104044,APP-INSTALL,Yes,Application Support
MU-101155,HW-PRINTER,Yes,Hardware & Equipment
MU-101876,NET-SLOW,Yes,Network & Connectivity
MU-102572,NET-WIFI-NOCONN,Yes,Network & Connectivity
MU-103486,NET-SLOW,Yes,Network & Connectivity
MU-101673,ACC-PERMS,Yes,Account & Access Management
MU-103050,LMS-LOGIN,No,Learning Management System
MU-104816,ACC-PWD-RESET,No,Account & Access Management
MU-103211,ACC-PERMS,Yes,Account & Access Management
MU-103027,APP-INSTALL,Yes,Application Support
MU-101781,NET-SLOW,Yes,Network & Connectivity
MU-101779,SIS-REG,No,Student Information System
MU-103062,EML-SEND-FAIL,Yes,Email & Collaboration
MU-100676,NET-WIFI-NOCONN,Yes,Network & Connectivity
MU-103362,SIS-FEE,Yes,Student Information System
MU-100084,LMS-LOGIN,Yes,Learning Management System
MU-101964,HW-PERIPHERAL,No,Hardware & Equipment
MU-100988,HW-PC-NOBOOT,No,Hardware & Equipment
MU-103563,EML-SEND-FAIL,Yes,Email & Collaboration
MU-104574,APP-PRINT-SW,Yes,Application Support
MU-103196,ACC-PWD-RESET,No,Account & Access Management
MU-104847,SIS-FEE,No,Student Information System
MU-100045,LMS-COURSE-MISSING,Yes,Learning Management System
MU-100320,ACC-PWD-RESET,No,Account & Access Management
MU-103888,LMS-LOGIN,Yes,Learning Management System
MU-102833,SIS-FEE,Yes,Student Information System
MU-101795,ACC-PWD-RESET,No,Account & Access Management
MU-100784,SIS-TRANSCRIPT,Yes,Student Information System
MU-104791,LMS-QUIZ,No,Learning Management System
MU-104589,ACC-LOCKED,No,Account & Access Management
MU-102612,ACC-LOCKED,Yes,Account & Access Management
MU-101019,ACC-PERMS,Yes,Account & Access Management
MU-103770,ACC-PWD-RESET,Yes,Account & Access Management
MU-104860,SIS-FEE,No,Student Information System
MU-102039,ACC-PWD-RESET,Yes,Account & Access Management
MU-102221,ACC-NEW,Yes,Account & Access Management
MU-102415,HW-PC-SLOW,No,Hardware & Equipment
MU-100759,NET-WIFI-NOCONN,Yes,Network & Connectivity
MU-103947,ACC-PWD-RESET,Yes,Account & Access Management
MU-100477,ACC-PWD-RESET,Yes,Account & Access Management
MU-104710,NET-WIFI-NOCONN,Yes,Network & Connectivity
MU-103946,NET-WIFI-NOCONN,Yes,Network & Connectivity
MU-104356,NET-WIFI-NOCONN,Yes,Network & Connectivity
MU-101105,EML-SEND-FAIL,Yes,Email & Collaboration
MU-103172,LMS-COURSE-MISSING,Yes,Learning Management System
MU-103359,NET-VPN,Yes,Network & Connectivity
MU-102730,NET-WIFI-NOCONN,No,Network & Connectivity
MU-103460,LMS-UPLOAD,No,Learning Management System
MU-103473,NET-WIFI-NOCONN,Yes,Network & Connectivity
MU-102907,ACC-LOCKED,Yes,Account & Access Management
MU-102140,HW-PERIPHERAL,Yes,Hardware & Equipment
MU-102928,APP-PRINT-SW,No,Application Support
MU-104632,NET-WIFI-NOCONN,No,Network & Connectivity
MU-100644,ACC-PWD-RESET,Yes,Account & Access Management
MU-101725,SIS-PORTAL-SLOW,Yes,Student Information System
MU-101798,NET-WIFI-NOCONN,No,Network & Connectivity
MU-100050,ACC-PWD-RESET,No,Account & Access Management
MU-103449,ACC-PWD-RESET,Yes,Account & Access Management
MU-102220,ACC-NEW,Yes,Account & Access Management
MU-104239,HW-PERIPHERAL,No,Hardware & Equipment
MU-104271,HW-PRINTER,No,Hardware & Equipment
MU-100184,APP-INSTALL,Yes,Application Support
MU-104111,HW-PC-NOBOOT,Yes,Hardware & Equipment
MU-102116,EML-MEETING,Yes,Email & Collaboration
MU-100155,ACC-PWD-RESET,Yes,Account & Access Management
MU-101585,LMS-LOGIN,Yes,Learning Management System
MU-102405,APP-PRINT-SW,No,Application Support
MU-103256,SIS-FEE,Yes,Student Information System
MU-101398,SIS-TRANSCRIPT,Yes,Student Information System
MU-103925,APP-INSTALL,No,Application Support
MU-102001,NET-LAN-PORT,Yes,Network & Connectivity
MU-102190,HW-PRINTER,Yes,Hardware & Equipment
MU-102502,LMS-LOGIN,Yes,Learning Management System
MU-104322,ACC-PERMS,No,Account & Access Management
MU-104595,HW-PC-SLOW,No,Hardware & Equipment
MU-100686,SIS-FEE,Yes,Student Information System
MU-104110,HW-PC-NOBOOT,Yes,Hardware & Equipment
MU-103824,LMS-COURSE-MISSING,Yes,Learning Management System
MU-100083,SIS-FEE,Yes,Student Information System
MU-103182,HW-PROJECTOR,No,Hardware & Equipment
MU-104184,SIS-REG,No,Student Information System
MU-102902,SIS-PORTAL-SLOW,Yes,Student Information System
MU-100698,SIS-TRANSCRIPT,Yes,Student Information System
MU-102857,ACC-PWD-RESET,Yes,Account & Access Management
MU-102542,EML-SEND-FAIL,No,Email & Collaboration
MU-101851,SIS-REG,Yes,Student Information System
MU-103032,APP-INSTALL,Yes,Application Support
MU-100493,EML-MEETING,No,Email & Collaboration
MU-101303,LMS-UPLOAD,No,Learning Management System
MU-104253,SIS-FEE,No,Student Information System
MU-103307,NET-SLOW,Yes,Network & Connectivity
MU-104665,ACC-LOCKED,Yes,Account & Access Management
MU-100621,LMS-UPLOAD,Yes,Learning Management System
MU-102412,NET-LAN-PORT,Yes,Network & Connectivity
MU-102966,APP-INSTALL,No,Application Support
MU-101865,EML-SEND-FAIL,Yes,Email & Collaboration
MU-101523,APP-INSTALL,Yes,Application Support
MU-101898,ACC-PWD-RESET,No,Account & Access Management
MU-103926,ACC-NEW,Yes,Account & Access Management
MU-102444,APP-ERP,No,Application Support
MU-101771,APP-ERP,No,Application Support
MU-104315,ACC-LOCKED,No,Account & Access Management
MU-100613,APP-INSTALL,No,Application Support
MU-100839,ACC-PWD-RESET,No,Account & Access Management
MU-101333,HW-PROJECTOR,Yes,Hardware & Equipment
MU-102814,NET-VPN,No,Network & Connectivity
MU-100776,LMS-UPLOAD,Yes,Learning Management System
MU-104770,SIS-REG,Yes,Student Information System
MU-101258,APP-ERP,Yes,Application Support
MU-102824,APP-INSTALL,Yes,Application Support
MU-100889,LMS-LOGIN,Yes,Learning Management System
MU-103187,EML-MAILBOX-FULL,Yes,Email & Collaboration
MU-100415,HW-PC-NOBOOT,Yes,Hardware & Equipment
MU-104344,SIS-TRANSCRIPT,Yes,Student Information System
MU-100252,SIS-REG,Yes,Student Information System
MU-101081,EML-MEETING,Yes,Email & Collaboration
MU-102266,LMS-LOGIN,Yes,Learning Management System
MU-102478,ACC-PWD-RESET,Yes,Account & Access Management
MU-103490,HW-PC-NOBOOT,Yes,Hardware & Equipment
MU-101941,ACC-NEW,Yes,Account & Access Management
MU-104579,APP-LICENCE,Yes,Application Support
MU-104402,APP-INSTALL,Yes,Application Support
MU-102539,APP-PRINT-SW,Yes,Application Support
MU-100807,NET-WIFI-NOCONN,No,Network & Connectivity
MU-103221,NET-LAN-PORT,No,Network & Connectivity
MU-103272,ACC-PWD-RESET,Yes,Account & Access Management
MU-101470,APP-INSTALL,Yes,Application Support
MU-102515,ACC-PWD-RESET,Yes,Account & Access Management
MU-100231,HW-PC-SLOW,No,Hardware & Equipment
MU-104877,SIS-TRANSCRIPT,No,Student Information System
MU-104544,ACC-LOCKED,Yes,Account & Access Management
MU-102913,NET-WIFI-NOCONN,Yes,Network & Connectivity
MU-104209,SIS-FEE,Yes,Student Information System
MU-104844,ACC-LOCKED,No,Account & Access Management
MU-101667,SIS-REG,Yes,Student Information System
MU-104859,APP-INSTALL,Yes,Application Support
MU-103973,HW-PC-SLOW,No,Hardware & Equipment
MU-102553,SIS-REG,No,Student Information System
MU-102899,SIS-TRANSCRIPT,No,Student Information System
MU-104168,EML-MAILBOX-FULL,Yes,Email & Collaboration
MU-100714,NET-SLOW,Yes,Network & Connectivity
MU-100081,HW-PRINTER,Yes,Hardware & Equipment
MU-100112,EML-SEND-FAIL,Yes,Email & Collaboration
MU-101127,SIS-REG,Yes,Student Information System
MU-101307,NET-VPN,Yes,Network & Connectivity
MU-103758,NET-VPN,Yes,Network & Connectivity
MU-101441,LMS-UPLOAD,Yes,Learning Management System
MU-101974,NET-WIFI-NOCONN,No,Network & Connectivity
MU-100896,SIS-FEE,No,Student Information System
MU-100615,SIS-TRANSCRIPT,Yes,Student Information System
MU-104587,NET-VPN,Yes,Network & Connectivity
MU-103992,ACC-LOCKED,Yes,Account & Access Management
MU-104208,NET-WIFI-NOCONN,Yes,Network & Connectivity
MU-102485,SIS-TRANSCRIPT,Yes,Student Information System
MU-102326,ACC-PERMS,Yes,Account & Access Management
MU-100757,LMS-UPLOAD,Yes,Learning Management System
MU-103825,ACC-NEW,No,Account & Access Management
MU-102674,HW-PC-NOBOOT,No,Hardware & Equipment
MU-100200,NET-VPN,Yes,Network & Connectivity
MU-104095,SIS-TRANSCRIPT,No,Student Information System
MU-103614,ACC-PWD-RESET,Yes,Account & Access Management
MU-103658,LMS-COURSE-MISSING,No,Learning Management System
MU-103935,APP-INSTALL,Yes,Application Support
MU-104747,LMS-LOGIN,Yes,Learning Management System
MU-101156,EML-SEND-FAIL,Yes,Email & Collaboration
MU-102598,HW-PC-SLOW,Yes,Hardware & Equipment
MU-101308,ACC-PWD-RESET,No,Account & Access Management
MU-103886,NET-SLOW,No,Network & Connectivity
MU-101702,EML-SEND-FAIL,Yes,Email & Collaboration
MU-103723,NET-SLOW,Yes,Network & Connectivity
MU-100062,SIS-TRANSCRIPT,Yes,Student Information System
MU-101481,SIS-TRANSCRIPT,No,Student Information System
MU-104775,LMS-UPLOAD,No,Learning Management System
MU-103339,NET-SLOW,Yes,Network & Connectivity
MU-102359,HW-PC-SLOW,Yes,Hardware & Equipment
MU-100651,EML-MEETING,Yes,Email & Collaboration
MU-103067,ACC-NEW,Yes,Account & Access Management
MU-100760,SIS-TRANSCRIPT,Yes,Student Information System
MU-102227,HW-PC-NOBOOT,Yes,Hardware & Equipment
MU-103633,LMS-LOGIN,No,Learning Management System
MU-101866,HW-PC-SLOW,Yes,Hardware & Equipment
MU-104822,SIS-PORTAL-SLOW,Yes,Student Information System
MU-101608,ACC-PERMS,No,Account & Access Management
MU-101126,LMS-UPLOAD,Yes,Learning Management System
MU-100205,APP-INSTALL,Yes,Application Support
MU-103656,ACC-PWD-RESET,Yes,Account & Access Management
MU-104466,LMS-LOGIN,Yes,Learning Management System
MU-100467,SIS-FEE,No,Student Information System
MU-100373,ACC-PERMS,No,Account & Access Management
MU-104116,NET-LAN-PORT,No,Network & Connectivity
MU-100662,APP-PRINT-SW,Yes,Application Support
MU-102794,EML-SEND-FAIL,Yes,Email & Collaboration
MU-104006,ACC-PWD-RESET,Yes,Account & Access Management
MU-103386,APP-INSTALL,Yes,Application Support
MU-104646,EML-SEND-FAIL,Yes,Email & Collaboration
MU-104592,LMS-COURSE-MISSING,No,Learning Management System
MU-104657,ACC-PWD-RESET,Yes,Account & Access Management
MU-100015,HW-PC-SLOW,Yes,Hardware & Equipment
MU-100865,NET-WIFI-NOCONN,Yes,Network & Connectivity
MU-104414,ACC-PWD-RESET,No,Account & Access Management
MU-101669,NET-WIFI-NOCONN,No,Network & Connectivity
MU-104246,ACC-PWD-RESET,Yes,Account & Access Management
MU-104689,APP-LICENCE,Yes,Application Support
MU-101130,APP-LICENCE,No,Application Support
MU-100723,HW-PRINTER,No,Hardware & Equipment
MU-101116,NET-WIFI-NOCONN,No,Network & Connectivity
MU-100916,NET-LAN-PORT,Yes,Network & Connectivity
MU-104739,NET-SLOW,Yes,Network & Connectivity
MU-100424,NET-SLOW,Yes,Network & Connectivity
MU-102586,ACC-PWD-RESET,No,Account & Access Management
MU-100095,EML-MEETING,Yes,Email & Collaboration
MU-100422,APP-PRINT-SW,Yes,Application Support
MU-103114,ACC-PWD-RESET,Yes,Account & Access Management
MU-103009,ACC-NEW,No,Account & Access Management
MU-100228,EML-SEND-FAIL,Yes,Email & Collaboration
MU-101091,NET-WIFI-NOCONN,Yes,Network & Connectivity
MU-102958,EML-MAILBOX-FULL,Yes,Email & Collaboration
MU-104439,APP-ERP,No,Application Support
MU-104449,EML-SEND-FAIL,Yes,Email & Collaboration
MU-100563,ACC-PWD-RESET,Yes,Account & Access Management
MU-100482,NET-WIFI-NOCONN,No,Network & Connectivity
MU-100391,HW-PRINTER,Yes,Hardware & Equipment
MU-104121,HW-PROJECTOR,Yes,Hardware & Equipment
MU-100616,SIS-REG,Yes,Student Information System
MU-104423,NET-WIFI-NOCONN,Yes,Network & Connectivity
MU-104503,ACC-PWD-RESET,Yes,Account & Access Management
MU-101704,HW-PRINTER,Yes,Hardware & Equipment
MU-101449,ACC-LOCKED,Yes,Account & Access Management
MU-102845,HW-PRINTER,Yes,Hardware & Equipment
MU-103035,NET-VPN,Yes,Network & Connectivity
MU-102154,LMS-LOGIN,No,Learning Management System
MU-104729,HW-PRINTER,Yes,Hardware & Equipment
MU-101467,HW-PROJECTOR,No,Hardware & Equipment
MU-100440,HW-PROJECTOR,Yes,Hardware & Equipment
MU-103875,ACC-PWD-RESET,No,Account & Access Management
MU-103333,APP-INSTALL,No,Application Support
MU-102261,NET-WIFI-NOCONN,Yes,Network & Connectivity
MU-100486,NET-VPN,Yes,Network & Connectivity
MU-104349,ACC-PWD-RESET,No,Account & Access Management
MU-102679,LMS-QUIZ,Yes,Learning Management System
MU-101617,LMS-LOGIN,Yes,Learning Management System
MU-103478,ACC-LOCKED,Yes,Account & Access Management
MU-102184,ACC-LOCKED,Yes,Account & Access Management
MU-103495,ACC-PWD-RESET,Yes,Account & Access Management
MU-102488,NET-LAN-PORT,No,Network & Connectivity
MU-101796,HW-PRINTER,Yes,Hardware & Equipment
MU-104495,HW-PC-SLOW,Yes,Hardware & Equipment
MU-102757,APP-ERP,No,Application Support
MU-102236,LMS-UPLOAD,No,Learning Management System
MU-102468,HW-PRINTER,No,Hardware & Equipment
MU-103928,SIS-FEE,Yes,Student Information System
MU-103131,APP-INSTALL,No,Application Support
MU-100279,NET-WIFI-NOCONN,No,Network & Connectivity
MU-103139,EML-MEETING,No,Email & Collaboration
MU-102790,LMS-UPLOAD,Yes,Learning Management System
MU-102291,EML-MAILBOX-FULL,No,Email & Collaboration
MU-102842,LMS-QUIZ,Yes,Learning Management System
MU-102975,SIS-REG,Yes,Student Information System
MU-103045,APP-ERP,Yes,Application Support
MU-101494,EML-SEND-FAIL,No,Email & Collaboration
MU-102418,NET-WIFI-NOCONN,No,Network & Connectivity
MU-102992,EML-MAILBOX-FULL,No,Email & Collaboration
MU-103429,NET-WIFI-NOCONN,No,Network & Connectivity
MU-104773,EML-MAILBOX-FULL,Yes,Email & Collaboration
MU-104849,ACC-PWD-RESET,No,Account & Access Management
MU-103343,HW-PRINTER,Yes,Hardware & Equipment
MU-104050,LMS-COURSE-MISSING,Yes,Learning Management System
MU-100860,LMS-UPLOAD,No,Learning Management System
MU-104550,HW-PRINTER,No,Hardware & Equipment
MU-100178,APP-LICENCE,Yes,Application Support
MU-101991,EML-MEETING,Yes,Email & Collaboration
MU-103810,LMS-UPLOAD,Yes,Learning Management System
MU-104641,NET-WIFI-NOCONN,No,Network & Connectivity
MU-104891,ACC-PWD-RESET,No,Account & Access Management
MU-101159,ACC-LOCKED,Yes,Account & Access Management
MU-102296,HW-PC-NOBOOT,No,Hardware & Equipment
MU-100500,ACC-PWD-RESET,Yes,Account & Access Management
MU-103058,LMS-LOGIN,Yes,Learning Management System
MU-103999,ACC-PWD-RESET,No,Account & Access Management
MU-101818,ACC-PWD-RESET,No,Account & Access Management
MU-103690,HW-PRINTER,Yes,Hardware & Equipment
MU-102327,LMS-UPLOAD,No,Learning Management System
MU-100649,LMS-COURSE-MISSING,Yes,Learning Management System
MU-103150,NET-WIFI-NOCONN,No,Network & Connectivity
MU-104124,SIS-FEE,No,Student Information System
MU-100038,APP-INSTALL,No,Application Support
MU-101904,ACC-PWD-RESET,No,Account & Access Management
MU-100078,APP-LICENCE,Yes,Application Support
MU-101811,ACC-PWD-RESET,No,Account & Access Management
MU-100213,LMS-COURSE-MISSING,Yes,Learning Management System
MU-103237,HW-PC-NOBOOT,No,Hardware & Equipment
MU-101623,NET-WIFI-NOCONN,Yes,Network & Connectivity
MU-101927,SIS-FEE,Yes,Student Information System
MU-103393,SIS-FEE,Yes,Student Information System
MU-102046,ACC-PERMS,No,Account & Access Management
MU-100358,ACC-PERMS,Yes,Account & Access Management
MU-104231,ACC-PWD-RESET,No,Account & Access Management
MU-104260,HW-PRINTER,Yes,Hardware & Equipment
MU-101367,ACC-PERMS,Yes,Account & Access Management
MU-101331,ACC-PWD-RESET,Yes,Account & Access Management
MU-104600,NET-VPN,Yes,Network & Connectivity
MU-101976,SIS-TRANSCRIPT,Yes,Student Information System
MU-102946,ACC-PWD-RESET,Yes,Account & Access Management
MU-100819,SIS-REG,Yes,Student Information System
MU-103301,EML-MEETING,No,Email & Collaboration
MU-103982,EML-MEETING,No,Email & Collaboration
MU-100342,ACC-LOCKED,Yes,Account & Access Management
MU-101387,ACC-PWD-RESET,Yes,Account & Access Management
MU-100105,HW-PC-NOBOOT,No,Hardware & Equipment
MU-103444,NET-WIFI-NOCONN,Yes,Network & Connectivity
MU-102402,NET-WIFI-NOCONN,Yes,Network & Connectivity
MU-101174,APP-INSTALL,Yes,Application Support
MU-102544,LMS-QUIZ,No,Learning Management System
MU-104036,ACC-PWD-RESET,No,Account & Access Management
MU-102640,ACC-PWD-RESET,No,Account & Access Management
MU-103912,SIS-TRANSCRIPT,No,Student Information System
MU-102942,LMS-QUIZ,No,Learning Management System
MU-102673,NET-SLOW,Yes,Network & Connectivity
MU-103219,LMS-LOGIN,Yes,Learning Management System
MU-103087,ACC-PWD-RESET,Yes,Account & Access Management
MU-101806,LMS-QUIZ,Yes,Learning Management System
MU-104100,APP-PRINT-SW,Yes,Application Support
MU-101446,NET-SLOW,Yes,Network & Connectivity
MU-101300,LMS-COURSE-MISSING,Yes,Learning Management System
MU-100437,LMS-COURSE-MISSING,Yes,Learning Management System
MU-102464,APP-INSTALL,No,Application Support
MU-101511,EML-SEND-FAIL,Yes,Email & Collaboration
MU-104706,APP-ERP,No,Application Support
MU-100522,ACC-PWD-RESET,No,Account & Access Management
MU-103110,SIS-TRANSCRIPT,No,Student Information System
MU-103484,NET-LAN-PORT,No,Network & Connectivity
MU-100828,SIS-REG,Yes,Student Information System
MU-102076,ACC-LOCKED,No,Account & Access Management
MU-101329,NET-WIFI-NOCONN,Yes,Network & Connectivity
MU-103794,LMS-COURSE-MISSING,No,Learning Management System
MU-103103,APP-INSTALL,No,Application Support
MU-103852,HW-PC-NOBOOT,Yes,Hardware & Equipment
MU-101414,LMS-QUIZ,Yes,Learning Management System
MU-100882,APP-INSTALL,Yes,Application Support
MU-100801,APP-PRINT-SW,Yes,Application Support
MU-104222,ACC-NEW,No,Account & Access Management
MU-101757,HW-PERIPHERAL,Yes,Hardware & Equipment
MU-104790,HW-PC-SLOW,No,Hardware & Equipment
MU-101633,ACC-PERMS,Yes,Account & Access Management
MU-104481,NET-LAN-PORT,No,Network & Connectivity
MU-103749,APP-PRINT-SW,Yes,Application Support
MU-103162,HW-PRINTER,No,Hardware & Equipment
MU-100947,ACC-PWD-RESET,No,Account & Access Management
MU-100147,NET-SLOW,Yes,Network & Connectivity
MU-104708,NET-WIFI-NOCONN,No,Network & Connectivity
MU-100931,NET-LAN-PORT,Yes,Network & Connectivity
MU-104744,ACC-LOCKED,Yes,Account & Access Management
MU-104309,SIS-REG,Yes,Student Information System
MU-100239,SIS-REG,Yes,Student Information System
MU-103847,SIS-REG,Yes,Student Information System
MU-100276,NET-WIFI-NOCONN,No,Network & Connectivity
MU-104616,HW-PRINTER,No,Hardware & Equipment
MU-103483,ACC-PERMS,No,Account & Access Management
MU-101723,LMS-COURSE-MISSING,No,Learning Management System
MU-102630,SIS-REG,No,Student Information System
MU-102015,APP-PRINT-SW,No,Application Support
MU-103695,NET-LAN-PORT,No,Network & Connectivity
MU-101055,NET-SLOW,Yes,Network & Connectivity
MU-103724,NET-VPN,Yes,Network & Connectivity
MU-104499,ACC-LOCKED,No,Account & Access Management
MU-102379,ACC-PWD-RESET,No,Account & Access Management
MU-103416,HW-PC-SLOW,Yes,Hardware & Equipment
MU-101905,EML-SEND-FAIL,Yes,Email & Collaboration
MU-101596,APP-PRINT-SW,Yes,Application Support
MU-102148,NET-LAN-PORT,Yes,Network & Connectivity
MU-100270,ACC-NEW,Yes,Account & Access Management
MU-100134,APP-INSTALL,No,Application Support
MU-100399,APP-INSTALL,Yes,Application Support
MU-103589,SIS-FEE,Yes,Student Information System
MU-101464,EML-SEND-FAIL,No,Email & Collaboration
MU-100586,NET-LAN-PORT,Yes,Network & Connectivity
MU-103415,LMS-LOGIN,Yes,Learning Management System
MU-104227,NET-SLOW,Yes,Network & Connectivity
MU-103772,LMS-QUIZ,No,Learning Management System
MU-101435,NET-SLOW,Yes,Network & Connectivity
MU-103363,ACC-NEW,No,Account & Access Management
MU-101457,NET-WIFI-NOCONN,Yes,Network & Connectivity
MU-102705,ACC-PERMS,Yes,Account & Access Management
MU-102348,NET-SLOW,Yes,Network & Connectivity
MU-101226,LMS-COURSE-MISSING,Yes,Learning Management System
MU-104680,EML-MAILBOX-FULL,Yes,Email & Collaboration
MU-103494,EML-MAILBOX-FULL,Yes,Email & Collaboration
MU-103119,SIS-TRANSCRIPT,No,Student Information System
MU-103300,LMS-QUIZ,Yes,Learning Management System
MU-104625,HW-PRINTER,Yes,Hardware & Equipment
MU-103670,NET-LAN-PORT,Yes,Network & Connectivity
MU-102911,EML-SEND-FAIL,Yes,Email & Collaboration
MU-100118,LMS-COURSE-MISSING,No,Learning Management System
MU-100250,NET-WIFI-NOCONN,No,Network & Connectivity
MU-100751,APP-INSTALL,Yes,Application Support
MU-104128,NET-WIFI-NOCONN,Yes,Network & Connectivity
MU-104581,SIS-REG,No,Student Information System
MU-100121,SIS-FEE,Yes,Student Information System
MU-102660,EML-SEND-FAIL,Yes,Email & Collaboration
MU-103125,SIS-PORTAL-SLOW,Yes,Student Information System
MU-102175,ACC-PWD-RESET,No,Account & Access Management
MU-103442,APP-INSTALL,No,Application Support
MU-100226,APP-ERP,Yes,Application Support
MU-100490,ACC-PWD-RESET,No,Account & Access Management
MU-104350,SIS-REG,Yes,Student Information System
MU-104340,SIS-REG,Yes,Student Information System
MU-102769,EML-MEETING,Yes,Email & Collaboration
MU-102205,ACC-PERMS,Yes,Account & Access Management
MU-104498,NET-WIFI-NOCONN,Yes,Network & Connectivity
MU-101786,ACC-LOCKED,Yes,Account & Access Management
MU-104542,HW-PC-SLOW,Yes,Hardware & Equipment
MU-101996,LMS-LOGIN,Yes,Learning Management System
MU-101767,HW-PC-SLOW,Yes,Hardware & Equipment
MU-104602,APP-INSTALL,Yes,Application Support
MU-101067,LMS-COURSE-MISSING,Yes,Learning Management System
MU-100330,LMS-COURSE-MISSING,Yes,Learning Management System
MU-101108,NET-SLOW,Yes,Network & Connectivity
MU-101461,SIS-FEE,No,Student Information System
MU-103239,ACC-PWD-RESET,Yes,Account & Access Management
MU-102277,ACC-PWD-RESET,Yes,Account & Access Management
MU-103725,SIS-REG,No,Student Information System
MU-104731,NET-WIFI-NOCONN,No,Network & Connectivity
MU-103385,SIS-TRANSCRIPT,No,Student Information System
MU-104263,EML-MEETING,No,Email & Collaboration
MU-102264,LMS-LOGIN,No,Learning Management System
MU-103448,NET-WIFI-NOCONN,Yes,Network & Connectivity
MU-102703,SIS-TRANSCRIPT,Yes,Student Information System
MU-103467,NET-VPN,No,Network & Connectivity
MU-101561,LMS-COURSE-MISSING,Yes,Learning Management System
MU-101342,EML-SEND-FAIL,Yes,Email & Collaboration
MU-102062,NET-VPN,No,Network & Connectivity
MU-101644,HW-PC-SLOW,Yes,Hardware & Equipment
MU-104082,SIS-FEE,Yes,Student Information System
MU-102193,NET-SLOW,Yes,Network & Connectivity
MU-100269,SIS-FEE,Yes,Student Information System
MU-101296,SIS-REG,No,Student Information System
MU-104286,NET-LAN-PORT,Yes,Network & Connectivity
MU-101382,NET-LAN-PORT,Yes,Network & Connectivity
MU-100350,ACC-LOCKED,No,Account & Access Management
MU-100292,HW-PC-NOBOOT,No,Hardware & Equipment
MU-101538,NET-WIFI-NOCONN,Yes,Network & Connectivity
MU-103252,APP-LICENCE,No,Application Support
MU-102345,ACC-PWD-RESET,No,Account & Access Management
MU-101260,HW-PROJECTOR,No,Hardware & Equipment
MU-104169,APP-ERP,No,Application Support
MU-103318,HW-PC-NOBOOT,Yes,Hardware & Equipment
MU-100551,LMS-LOGIN,Yes,Learning Management System
MU-101466,ACC-NEW,No,Account & Access Management
MU-102906,EML-SEND-FAIL,Yes,Email & Collaboration
MU-101094,APP-ERP,Yes,Application Support
MU-103384,APP-INSTALL,Yes,Application Support
MU-104857,EML-SEND-FAIL,Yes,Email & Collaboration
MU-104779,LMS-COURSE-MISSING,Yes,Learning Management System
MU-104325,LMS-QUIZ,No,Learning Management System
MU-100272,ACC-PWD-RESET,Yes,Account & Access Management
MU-102042,SIS-FEE,No,Student Information System
MU-101700,HW-PERIPHERAL,No,Hardware & Equipment
MU-104294,NET-SLOW,No,Network & Connectivity
MU-104348,SIS-REG,Yes,Student Information System
MU-104566,SIS-REG,No,Student Information System
MU-104590,EML-SEND-FAIL,Yes,Email & Collaboration
MU-103424,SIS-PORTAL-SLOW,Yes,Student Information System
MU-103970,EML-SEND-FAIL,Yes,Email & Collaboration
MU-104269,NET-SLOW,No,Network & Connectivity
MU-102551,ACC-PWD-RESET,Yes,Account & Access Management
MU-101649,ACC-PWD-RESET,No,Account & Access Management
MU-104224,NET-WIFI-NOCONN,No,Network & Connectivity
MU-102900,HW-PERIPHERAL,Yes,Hardware & Equipment
MU-104251,APP-LICENCE,No,Application Support
MU-101317,ACC-LOCKED,No,Account & Access Management
MU-102813,HW-PROJECTOR,No,Hardware & Equipment
MU-104426,NET-WIFI-NOCONN,Yes,Network & Connectivity
MU-103560,SIS-PORTAL-SLOW,No,Student Information System
MU-101599,SIS-REG,No,Student Information System
MU-102182,NET-SLOW,No,Network & Connectivity
MU-101635,ACC-PWD-RESET,No,Account & Access Management
MU-104288,NET-SLOW,No,Network & Connectivity
MU-100321,EML-MEETING,No,Email & Collaboration
MU-103441,LMS-LOGIN,No,Learning Management System
MU-100149,ACC-NEW,Yes,Account & Access Management
MU-104380,ACC-PERMS,Yes,Account & Access Management
MU-102410,HW-PC-SLOW,Yes,Hardware & Equipment
MU-102142,EML-MAILBOX-FULL,No,Email & Collaboration
MU-104027,LMS-COURSE-MISSING,Yes,Learning Management System
MU-102781,ACC-PWD-RESET,No,Account & Access Management
MU-100960,ACC-NEW,Yes,Account & Access Management
MU-101852,ACC-LOCKED,Yes,Account & Access Management
MU-103698,SIS-TRANSCRIPT,No,Student Information System
MU-101124,APP-INSTALL,No,Application Support
MU-101655,NET-WIFI-NOCONN,No,Network & Connectivity
MU-100504,EML-MAILBOX-FULL,Yes,Email & Collaboration
MU-100473,HW-PRINTER,No,Hardware & Equipment
MU-103170,NET-VPN,No,Network & Connectivity
MU-102334,LMS-UPLOAD,Yes,Learning Management System
MU-104306,HW-PROJECTOR,No,Hardware & Equipment
MU-104780,ACC-PWD-RESET,Yes,Account & Access Management
MU-101533,ACC-PWD-RESET,Yes,Account & Access Management
MU-101018,EML-SEND-FAIL,Yes,Email & Collaboration
MU-102134,ACC-PWD-RESET,Yes,Account & Access Management
MU-103666,SIS-FEE,No,Student Information System
MU-100895,ACC-PWD-RESET,No,Account & Access Management
MU-104546,ACC-PWD-RESET,Yes,Account & Access Management
MU-100726,ACC-NEW,Yes,Account & Access Management
MU-101487,ACC-NEW,Yes,Account & Access Management
MU-100104,LMS-LOGIN,No,Learning Management System
MU-102026,ACC-LOCKED,No,Account & Access Management
MU-100450,NET-LAN-PORT,No,Network & Connectivity
MU-101861,SIS-PORTAL-SLOW,No,Student Information System
MU-104765,SIS-FEE,No,Student Information System
MU-104180,ACC-PWD-RESET,No,Account & Access Management
MU-102243,SIS-PORTAL-SLOW,Yes,Student Information System
MU-104741,ACC-LOCKED,Yes,Account & Access Management
MU-100773,ACC-PWD-RESET,Yes,Account & Access Management
MU-102115,HW-PRINTER,Yes,Hardware & Equipment
MU-100020,ACC-PERMS,No,Account & Access Management
MU-101079,HW-PC-NOBOOT,Yes,Hardware & Equipment
MU-102098,NET-LAN-PORT,Yes,Network & Connectivity
MU-102086,APP-INSTALL,Yes,Application Support
MU-101679,ACC-PWD-RESET,Yes,Account & Access Management
MU-100357,NET-VPN,Yes,Network & Connectivity
MU-104115,EML-MEETING,Yes,Email & Collaboration
MU-100324,NET-SLOW,Yes,Network & Connectivity
MU-100546,ACC-PWD-RESET,Yes,Account & Access Management
MU-101768,ACC-NEW,Yes,Account & Access Management
MU-101605,APP-ERP,No,Application Support
MU-101799,LMS-LOGIN,No,Learning Management System
MU-104692,HW-PC-NOBOOT,Yes,Hardware & Equipment
MU-103463,APP-LICENCE,Yes,Application Support
MU-101846,APP-INSTALL,No,Application Support
MU-104419,HW-PC-SLOW,No,Hardware & Equipment
MU-100170,HW-PC-NOBOOT,Yes,Hardware & Equipment
MU-103445,HW-PERIPHERAL,Yes,Hardware & Equipment
MU-104876,ACC-LOCKED,Yes,Account & Access Management
MU-103457,LMS-LOGIN,Yes,Learning Management System
MU-101154,ACC-PWD-RESET,Yes,Account & Access Management
MU-104788,NET-LAN-PORT,Yes,Network & Connectivity
MU-103941,APP-ERP,No,Application Support
MU-100880,HW-PC-NOBOOT,Yes,Hardware & Equipment
MU-101020,NET-WIFI-NOCONN,Yes,Network & Connectivity
MU-101364,HW-PC-NOBOOT,Yes,Hardware & Equipment
